ID DO CLIENTE,GÊNERO,IDOSO,CASADO,DEPENDENTES,TEMPO_COMO_CLIENTE,SERVIÇO TELEFÔNICO,SERVICO_INTERNET,SERVICO_SEGURANCA,SUPORTE_TECNICO,STREAMINGTV,TIPO_CONTRATO,MÉTODO DE PAGAMENTO,PAGAMENTO_MENSAL,TOTAL_PAGAMENTO,CHURN
7590-VHVEG,fêmea,0,sim,não,1,não,dsl,não,não,não,mês a mês,cheque eletrônico,29.85,29.85,não
5575-GNVDE,macho,0,não,não,34,sim,dsl,sim,não,não,um ano,cheque enviado,56.95,1889.5,não
3668-QPYBK,macho,0,não,não,2,sim,dsl,sim,não,não,mês a mês,cheque enviado,53.85,108.15,sim
7795-CFOCW,macho,0,não,não,45,não,dsl,sim,sim,não,um ano,transferência bancária (automática),,1840.75,não
9237-HQITU,,0,não,não,2,sim,fibra óptica,não,não,não,mês a mês,cheque eletrônico,,151.65,sim
9305-CDSKC,,0,não,não,8,sim,fibra óptica,não,não,sim,mês a mês,cheque eletrônico,,820.5,
1452-KIOVK,,0,não,sim,22,sim,fibra óptica,não,não,sim,mês a mês,cartão de crédito (automático),,1949.4,
6713-OKOMC,,0,não,não,10,não,dsl,sim,não,não,mês a mês,cheque enviado,,301.9,
7892-POOKP,,0,sim,não,28,sim,fibra óptica,não,sim,sim,mês a mês,cheque eletrônico,,3046.05,
6388-TABGU,,0,não,sim,62,sim,dsl,sim,não,não,um ano,transferência bancária (automática),,3487.95,
9763-GRSKD,,0,sim,sim,13,sim,dsl,sim,não,não,mês a mês,cheque enviado,,587.45,não
7469-LKBCI,,0,não,não,16,sim,não,sem serviço de internet,sem serviço de internet,sem serviço de internet,dois anos,cartão de crédito (automático),,326.8,não
8091-TTVAX,,0,sim,não,58,sim,fibra óptica,não,não,sim,um ano,cartão de crédito (automático),,5681.1,não
0280-XJGEX,,0,não,não,49,sim,fibra óptica,não,não,sim,mês a mês,transferência bancária (automática),,5036.3,sim
5129-JLPIS,,0,não,não,25,sim,fibra óptica,sim,sim,sim,mês a mês,cheque eletrônico,,2686.05,não
3655-SNQYZ,,0,sim,sim,69,sim,fibra óptica,sim,sim,sim,dois anos,cartão de crédito (automático),,7895.15,não
8191-XWSZG,f,0,não,não,52,sim,não,sem serviço de internet,sem serviço de internet,sem serviço de internet,um ano,cheque enviado,,1022.95,não
9959-WOFKT,macho,0,não,sim,71,sim,fibra óptica,sim,não,sim,dois anos,transferência bancária (automática),,7382.25,não
4190-MFLUW,f,0,sim,sim,10,sim,dsl,não,sim,não,mês a mês,cartão de crédito (automático),,528.35,sim
4183-MYFRB,f,0,não,não,21,sim,fibra óptica,não,não,não,mês a mês,cheque eletrônico,,1862.9,não
8779-QRDMV,macho,1,não,não,1,não,dsl,não,não,não,mês a mês,cheque eletrônico,,39.65,sim
1680-VDCWW,macho,0,sim,não,12,sim,não,sem serviço de internet,sem serviço de internet,sem serviço de internet,um ano,transferência bancária (automática),,202.25,não
1066-JKSGK,macho,0,não,não,1,sim,não,sem serviço de internet,sem serviço de internet,sem serviço de internet,mês a mês,cheque enviado,,20.15,sim
3638-WEABW,fêmea,0,sim,não,58,sim,dsl,não,sim,não,dois anos,cartão de crédito (automático),,3505.1,não
6322-HRPFA,macho,0,sim,sim,49,sim,dsl,sim,sim,não,mês a mês,cartão de crédito (automático),,2970.3,não
6865-JZNKO,fêmea,0,não,não,30,sim,dsl,sim,não,não,mês a mês,transferência bancária (automática),,1530.6,não
6467-CHFZW,m,0,sim,sim,47,sim,fibra óptica,não,não,sim,mês a mês,cheque eletrônico,,4749.15,sim
8665-UTDHZ,m,0,sim,sim,1,não,dsl,não,não,não,mês a mês,cheque eletrônico,,30.2,sim
5248-YGIJN,m,0,sim,não,72,sim,dsl,sim,sim,sim,dois anos,cartão de crédito (automático),,6369.45,não
8773-HHUOZ,fêmea,0,não,sim,17,sim,dsl,não,não,sim,mês a mês,cheque enviado,,1093.1,sim
3841-NFECX,fêmea,1,sim,não,71,sim,fibra óptica,sim,sim,não,dois anos,cartão de crédito (automático),,6766.95,não
4929-XIHVW,macho,1,sim,não,2,sim,fibra óptica,não,não,sim,mês a mês,cartão de crédito (automático),,181.65,não
6827-IEAUQ,fêmea,0,sim,sim,27,sim,dsl,sim,sim,não,um ano,cheque enviado,,1874.45,não
7310-EGVHZ,macho,0,não,não,1,sim,não,sem serviço de internet,sem serviço de internet,sem serviço de internet,mês a mês,transferência bancária (automática),,20.2,não
3413-BMNZE,macho,1,não,não,1,sim,dsl,não,não,não,mês a mês,transferência bancária (automática),,45.25,não
6234-RAAPL,fêmea,0,sim,sim,72,sim,fibra óptica,sim,sim,sim,dois anos,transferência bancária (automática),,7251.7,não
6047-YHPVI,macho,0,não,não,5,sim,fibra óptica,não,não,não,mês a mês,cheque eletrônico,,316.9,sim
6572-ADKRS,fêmea,0,não,não,46,sim,fibra óptica,não,não,não,mês a mês,cartão de crédito (automático),,3548.3,não
5380-WJKOV,macho,0,não,não,34,sim,fibra óptica,não,não,sim,mês a mês,cheque eletrônico,,3549.25,sim
8168-UQWWF,fêmea,0,não,não,11,sim,fibra óptica,não,não,sim,mês a mês,transferência bancária (automática),,1105.4,sim
8865-TNMNX,macho,0,sim,sim,10,sim,dsl,não,não,não,um ano,cheque enviado,,475.7,não
9489-DEDVP,fêmea,0,sim,sim,70,sim,dsl,sim,não,sim,dois anos,cartão de crédito (automático),,4872.35,não
9867-JCZSP,fêmea,0,sim,sim,17,sim,não,sem serviço de internet,sem serviço de internet,sem serviço de internet,um ano,cheque enviado,,418.25,não
4671-VJLCL,fêmea,0,não,não,63,sim,dsl,sim,sim,sim,dois anos,cartão de crédito (automático),,4861.45,não
4080-IIARD,fêmea,0,sim,não,13,sim,dsl,sim,sim,sim,mês a mês,cheque eletrônico,,981.45,não
3714-NTNFO,fêmea,0,não,não,49,sim,fibra óptica,não,não,não,mês a mês,cheque eletrônico,,3906.7,não
5948-UJZLF,m,0,não,não,2,sim,dsl,não,não,não,mês a mês,cheque enviado,,97.0,não
7760-OYPDY,f,0,não,não,2,sim,fibra óptica,não,não,sim,mês a mês,cheque eletrônico,,144.15,sim
7639-LIAYI,macho,0,não,não,52,sim,dsl,sim,sim,sim,dois anos,cartão de crédito (automático),,4217.8,não
2954-PIBKO,fêmea,0,sim,sim,69,sim,dsl,sim,sim,não,dois anos,cartão de crédito (automático),,4254.1,não
8012-SOUDQ,fêmea,1,não,não,43,sim,fibra óptica,não,não,sim,mês a mês,cheque eletrônico,,3838.75,não
9420-LOJKX,fêmea,0,não,não,15,sim,fibra óptica,sim,não,sim,mês a mês,cartão de crédito (automático),,1426.4,sim
6575-SUVOI,fêmea,1,sim,não,25,sim,dsl,sim,sim,sim,mês a mês,cartão de crédito (automático),,1752.65,não
7495-OOKFY,fêmea,1,sim,não,8,sim,fibra óptica,não,não,não,mês a mês,cartão de crédito (automático),,633.3,sim
4667-QONEA,fêmea,1,sim,sim,60,sim,dsl,sim,sim,não,um ano,cartão de crédito (automático),,4456.35,não
1658-BYGOY,macho,1,não,não,18,sim,fibra óptica,não,não,sim,mês a mês,cheque eletrônico,,1752.55,sim
8769-KKTPH,f,0,sim,sim,63,sim,fibra óptica,sim,não,sim,um ano,cartão de crédito (automático),,6311.2,não
5067-XJQFU,macho,1,sim,sim,66,sim,fibra óptica,não,sim,sim,um ano,cheque eletrônico,,7076.35,não
3957-SQXML,fêmea,0,sim,sim,34,sim,não,sem serviço de internet,sem serviço de internet,sem serviço de internet,dois anos,cartão de crédito (automático),,894.3,não
5954-BDFSG,fêmea,0,não,não,72,sim,fibra óptica,não,sim,sim,dois anos,cartão de crédito (automático),,7853.7,não
0434-CSFON,fêmea,0,sim,não,47,sim,fibra óptica,não,não,sim,mês a mês,cheque eletrônico,,4707.1,não
1215-FIGMP,macho,0,não,não,60,sim,fibra óptica,não,não,sim,mês a mês,transferência bancária (automática),,5450.7,não
0526-SXDJP,macho,0,sim,não,72,não,dsl,sim,não,não,dois anos,transferência bancária (automática),,2962.0,não
0557-ASKVU,fêmea,0,sim,sim,18,sim,dsl,não,sim,não,um ano,cartão de crédito (automático),,957.1,não
5698-BQJOH,fêmea,0,não,não,9,sim,fibra óptica,não,não,sim,mês a mês,cheque eletrônico,,857.25,sim
5122-CYFXA,fêmea,0,não,não,3,sim,dsl,não,sim,sim,mês a mês,cheque eletrônico,,244.1,não
8627-ZYGSZ,macho,0,sim,não,47,sim,fibra óptica,não,não,não,um ano,cheque eletrônico,,3650.35,não
3410-YOQBQ,fêmea,0,não,não,31,sim,dsl,não,sim,sim,dois anos,cheque enviado,,2497.2,não
3170-NMYVV,fêmea,0,sim,sim,50,sim,não,sem serviço de internet,sem serviço de internet,sem serviço de internet,dois anos,transferência bancária (automática),,930.9,não
7410-OIEDU,macho,0,não,não,10,sim,fibra óptica,sim,não,não,mês a mês,cheque enviado,,887.35,não
2273-QCKXA,macho,0,não,não,1,sim,dsl,não,sim,não,mês a mês,cheque enviado,,49.05,não
0731-EBJQB,fêmea,0,sim,sim,52,sim,não,sem serviço de internet,sem serviço de internet,sem serviço de internet,um ano,cheque eletrônico,,1090.65,não
1891-QRQSA,macho,1,sim,sim,64,sim,fibra óptica,sim,sim,sim,dois anos,transferência bancária (automática),,7099.0,não
8028-PNXHQ,macho,0,sim,sim,62,sim,não,sem serviço de internet,sem serviço de internet,sem serviço de internet,dois anos,transferência bancária (automática),,1424.6,não
5630-AHZIL,fêmea,0,não,sim,3,sim,dsl,sim,sim,não,mês a mês,transferência bancária (automática),,177.4,não
2673-CXQEU,fêmea,1,não,não,56,sim,fibra óptica,sim,não,sim,um ano,cheque eletrônico,,6139.5,não
6416-JNVRK,fêmea,0,não,não,46,sim,dsl,não,não,não,um ano,cartão de crédito (automático),,2688.85,não
5590-ZSKRV,fêmea,0,sim,sim,8,sim,dsl,sim,não,não,mês a mês,cheque enviado,,482.25,não
0191-ZHSKZ,macho,1,não,não,30,sim,dsl,sim,não,sim,mês a mês,cheque eletrônico,,2111.3,não
3887-PBQAO,fêmea,0,sim,sim,45,sim,não,sem serviço de internet,sem serviço de internet,sem serviço de internet,um ano,cartão de crédito (automático),,1216.6,não
5919-TMRGD,f,0,não,sim,1,sim,fibra óptica,não,não,sim,mês a mês,cheque eletrônico,,79.35,sim
8108-UXRQN,fêmea,0,sim,sim,11,não,dsl,sim,não,sim,mês a mês,cheque eletrônico,,565.35,não
9191-MYQKX,fêmea,0,sim,não,7,sim,fibra óptica,não,não,não,mês a mês,transferência bancária (automática),,496.9,sim
9919-YLNNG,fêmea,0,não,não,42,sim,fibra óptica,não,sim,sim,mês a mês,transferência bancária (automática),,4327.5,não
0318-ZOPWS,fêmea,0,sim,não,49,sim,não,sem serviço de internet,sem serviço de internet,sem serviço de internet,dois anos,transferência bancária (automática),,973.35,não
4445-ZJNMU,macho,0,não,não,9,sim,fibra óptica,não,não,sim,mês a mês,cartão de crédito (automático),,918.75,não
4808-YNLEU,fêmea,0,sim,não,35,sim,dsl,sim,não,sim,um ano,transferência bancária (automática),,2215.45,não
1862-QRWPE,fêmea,0,sim,sim,48,sim,não,sem serviço de internet,sem serviço de internet,sem serviço de internet,dois anos,transferência bancária (automática),,1057.0,não
2796-NNUFI,fêmea,0,sim,sim,46,sim,não,sem serviço de internet,sem serviço de internet,sem serviço de internet,dois anos,cheque enviado,,927.1,não
3016-KSVCP,macho,0,sim,não,29,não,dsl,não,não,sim,mês a mês,cheque enviado,,1009.25,não
4767-HZZHQ,macho,0,sim,sim,30,sim,fibra óptica,não,não,não,mês a mês,transferência bancária (automática),,2570.2,não
2424-WVHPL,macho,1,não,não,1,sim,fibra óptica,não,sim,não,mês a mês,cheque eletrônico,,74.7,não
7233-PAHHL,macho,0,sim,sim,66,sim,dsl,sim,sim,sim,dois anos,cheque enviado,,5714.25,não
6067-NGCEU,fêmea,0,não,não,65,sim,fibra óptica,sim,não,sim,mês a mês,cartão de crédito (automático),,7107.0,não
9848-JQJTX,macho,0,não,não,72,sim,fibra óptica,não,não,sim,dois anos,transferência bancária (automática),,7459.05,não
8637-XJIVR,fêmea,0,não,não,12,sim,fibra óptica,sim,não,não,mês a mês,cheque eletrônico,,927.35,sim
9803-FTJCG,macho,0,sim,sim,71,sim,dsl,sim,sim,não,um ano,cartão de crédito (automático),,4748.7,não
0278-YXOOG,macho,0,não,não,5,sim,não,sem serviço de internet,sem serviço de internet,sem serviço de internet,mês a mês,cheque enviado,,113.85,sim
3212-KXOCR,macho,0,não,não,52,sim,não,sem serviço de internet,sem serviço de internet,sem serviço de internet,dois anos,transferência bancária (automática),,1107.2,não
4598-XLKNJ,fêmea,1,sim,não,25,sim,fibra óptica,não,não,sim,mês a mês,cheque eletrônico,,2514.5,sim
6380-ARCEH,macho,0,não,não,1,sim,não,sem serviço de internet,sem serviço de internet,sem serviço de internet,mês a mês,cheque enviado,,20.2,não
3679-XASPY,fêmea,0,sim,sim,1,sim,não,sem serviço de internet,sem serviço de internet,sem serviço de internet,mês a mês,cheque eletrônico,,19.45,não
7123-WQUHX,macho,0,não,não,38,sim,fibra óptica,não,sim,sim,um ano,transferência bancária (automática),,3605.6,não
5386-THSLQ,fêmea,1,sim,não,66,não,dsl,não,não,sim,um ano,transferência bancária (automática),,3027.25,não
3192-NQECA,macho,0,sim,não,68,sim,fibra óptica,não,sim,sim,dois anos,transferência bancária (automática),,7611.85,sim
6180-YBIQI,macho,0,não,não,5,não,dsl,não,não,não,mês a mês,cheque enviado,,100.2,não
6728-DKUCO,f,0,sim,sim,72,sim,fibra óptica,sim,não,sim,um ano,cheque eletrônico,,7303.05,não
9750-BOOHV,fêmea,0,não,não,32,não,dsl,sim,não,não,um ano,cheque enviado,,927.65,não
8597-CWYHH,macho,0,não,não,43,sim,fibra óptica,não,não,sim,um ano,cheque enviado,,3921.3,não
2848-YXSMW,macho,0,sim,sim,72,sim,não,sem serviço de internet,sem serviço de internet,sem serviço de internet,dois anos,cartão de crédito (automático),,1363.25,não
0486-HECZI,macho,0,sim,não,55,sim,fibra óptica,sim,não,sim,mês a mês,cheque eletrônico,,5238.9,sim
4549-ZDQYY,fêmea,0,não,não,52,sim,dsl,sim,sim,não,um ano,cartão de crédito (automático),,3042.25,não
5712-AHQNN,fêmea,0,não,não,43,sim,fibra óptica,não,não,sim,mês a mês,cheque eletrônico,,3954.1,não
4846-WHAFZ,fêmea,1,sim,não,37,sim,fibra óptica,não,não,não,mês a mês,cheque eletrônico,,2868.15,sim
5256-SKJGO,fêmea,0,sim,sim,64,não,dsl,não,sim,sim,dois anos,cheque eletrônico,,3423.5,não
3071-VBYPO,macho,0,sim,sim,3,sim,fibra óptica,sim,não,sim,mês a mês,cheque eletrônico,,248.4,não
9560-BBZXK,fêmea,0,não,não,36,não,dsl,sim,não,não,dois anos,transferência bancária (automática),,1126.35,não
5299-RULOA,fêmea,0,sim,sim,10,sim,fibra óptica,sim,não,sim,mês a mês,cheque eletrônico,,1064.65,sim
8402-OOOHJ,fêmea,0,não,não,41,sim,não,sem serviço de internet,sem serviço de internet,sem serviço de internet,dois anos,cheque enviado,,835.15,não
9445-ZUEQE,macho,0,sim,sim,27,sim,fibra óptica,não,sim,não,mês a mês,cartão de crédito (automático),,2151.6,não
1091-SOZGA,fêmea,0,sim,sim,56,sim,fibra óptica,não,não,sim,um ano,cartão de crédito (automático),,5515.45,não
2928-HLDBA,fêmea,0,não,não,6,sim,não,sem serviço de internet,sem serviço de internet,sem serviço de internet,mês a mês,cheque enviado,,112.75,não
0404-SWRVG,macho,0,não,não,3,sim,fibra óptica,não,não,não,mês a mês,cheque eletrônico,,229.55,sim
6497-TILVL,fêmea,0,sim,sim,7,sim,dsl,sim,não,não,mês a mês,cheque enviado,,350.35,não
7219-TLZHO,fêmea,0,sim,sim,4,sim,não,sem serviço de internet,sem serviço de internet,sem serviço de internet,mês a mês,cheque enviado,,62.9,não
4622-YNKIJ,macho,0,não,não,33,sim,fibra óptica,sim,sim,sim,dois anos,cheque eletrônico,,3027.65,não
4412-YLTKF,fêmea,1,não,não,27,sim,fibra óptica,não,não,não,mês a mês,cheque eletrônico,,2135.5,sim
6734-PSBAW,macho,0,sim,não,72,sim,não,sem serviço de internet,sem serviço de internet,sem serviço de internet,dois anos,transferência bancária (automática),,1723.95,não
3930-ZGWVE,macho,0,não,não,1,sim,não,sem serviço de internet,sem serviço de internet,sem serviço de internet,mês a mês,cheque enviado,,19.75,não
2639-UGMAZ,macho,1,não,não,71,não,dsl,sim,não,sim,um ano,cheque eletrônico,,3985.35,não
2876-GZYZC,fêmea,0,não,não,13,sim,fibra óptica,não,não,não,mês a mês,cheque eletrônico,,1215.65,não
6207-WIOLX,fêmea,0,sim,sim,25,não,dsl,sim,não,sim,mês a mês,cartão de crédito (automático),,1502.65,sim
8587-XYZSF,macho,0,não,não,67,sim,dsl,não,sim,não,dois anos,transferência bancária (automática),,3260.1,não
3091-FYHKI,macho,0,não,não,1,não,dsl,não,não,não,mês a mês,cheque eletrônico,,35.45,sim
2372-HWUHI,macho,0,não,não,2,sim,dsl,não,não,não,mês a mês,cheque eletrônico,,81.25,sim
7799-LGRDP,fêmea,0,não,não,43,sim,não,sem serviço de internet,sem serviço de internet,sem serviço de internet,dois anos,cartão de crédito (automático),,1188.2,não
7850-VWJUU,fêmea,0,não,não,23,sim,fibra óptica,sim,não,não,mês a mês,transferência bancária (automática),,1778.5,não
3774-VBNXY,fêmea,0,sim,sim,64,sim,não,sem serviço de internet,sem serviço de internet,sem serviço de internet,dois anos,cheque enviado,,1277.75,não
6217-KDYWC,macho,0,não,sim,57,sim,não,sem serviço de internet,sem serviço de internet,sem serviço de internet,dois anos,cheque enviado,,1170.55,não
0390-DCFDQ,fêmea,1,sim,não,1,sim,fibra óptica,não,não,não,mês a mês,cheque enviado,,70.45,sim
3146-MSEGF,fêmea,1,sim,sim,72,sim,dsl,sim,sim,sim,dois anos,cartão de crédito (automático),,6425.65,não
4080-OGPJL,fêmea,0,não,não,8,sim,dsl,sim,sim,não,mês a mês,cheque eletrônico,,563.65,sim
1095-WGNGG,fêmea,0,sim,não,61,sim,fibra óptica,não,não,sim,dois anos,transferência bancária (automática),,5971.25,não
2636-SJDOU,macho,0,não,não,64,sim,fibra óptica,sim,não,não,um ano,cartão de crédito (automático),,5289.05,não
1131-QQZEB,macho,1,sim,não,71,sim,não,sem serviço de internet,sem serviço de internet,sem serviço de internet,dois anos,transferência bancária (automática),,1756.2,não
5716-EZXZN,fêmea,0,sim,sim,65,sim,fibra óptica,sim,sim,sim,dois anos,cartão de crédito (automático),,6416.7,não
6837-BJYDQ,macho,0,não,não,3,sim,não,sem serviço de internet,sem serviço de internet,sem serviço de internet,um ano,cheque enviado,,61.35,não
2135-RXIHG,macho,0,não,não,1,sim,dsl,não,não,não,mês a mês,cheque eletrônico,,45.65,sim
6440-DKQGE,macho,0,não,sim,30,sim,dsl,não,não,sim,um ano,cartão de crédito (automático),,1929.95,não
3466-BYAVD,macho,0,sim,sim,15,sim,dsl,não,sim,não,mês a mês,cheque enviado,,1071.4,não
3780-YVMFA,fêmea,0,sim,sim,8,sim,dsl,não,sim,sim,mês a mês,cheque eletrônico,,564.35,não
3874-EQOEP,macho,0,não,não,7,sim,fibra óptica,não,não,sim,mês a mês,cheque enviado,,655.5,sim
1679-JRFBR,fêmea,0,sim,sim,70,sim,fibra óptica,sim,não,sim,um ano,cartão de crédito (automático),,7930.55,não
9073-ZZIAY,macho,0,sim,sim,62,sim,dsl,sim,sim,sim,dois anos,cheque eletrônico,,5215.25,não
3077-RSNTJ,fêmea,0,sim,sim,6,sim,não,sem serviço de internet,sem serviço de internet,sem serviço de internet,mês a mês,cheque enviado,,113.5,não
6551-GNYDG,fêmea,0,sim,sim,14,sim,fibra óptica,não,não,não,mês a mês,transferência bancária (automática),,1152.8,não
9167-APMXZ,fêmea,0,não,não,22,sim,fibra óptica,não,não,sim,mês a mês,transferência bancária (automática),,1821.95,não
2749-CTKAJ,macho,0,sim,sim,22,sim,não,sem serviço de internet,sem serviço de internet,sem serviço de internet,um ano,cheque enviado,,419.9,não
6371-NZYEG,macho,0,sim,sim,16,sim,dsl,sim,não,sim,dois anos,cheque enviado,,1024.0,não
7554-NEWDD,macho,0,não,não,10,sim,não,sem serviço de internet,sem serviço de internet,sem serviço de internet,dois anos,transferência bancária (automática),,251.6,não
8992-VONJD,fêmea,0,não,sim,13,sim,dsl,sim,não,não,mês a mês,cheque eletrônico,,764.55,não
0867-MKZVY,fêmea,0,sim,não,20,,fibra óptica,sim,não,não,mês a mês,cheque eletrônico,,1592.35,sim
4482-EWFMI,fêmea,0,não,não,2,,fibra óptica,não,não,não,mês a mês,cheque eletrônico,,135.2,não
4648-YPBTM,macho,0,não,não,53,,dsl,não,sim,não,dois anos,transferência bancária (automática),,3958.25,não
2907-ILJBN,fêmea,0,sim,sim,11,,não,sem serviço de internet,sem serviço de internet,sem serviço de internet,um ano,cheque enviado,,233.9,não
6345-FZOQH,macho,0,sim,não,69,,não,sem serviço de internet,sem serviço de internet,sem serviço de internet,dois anos,cheque enviado,,1363.45,não
3376-BMGFE,fêmea,0,não,não,4,,fibra óptica,não,não,não,mês a mês,transferência bancária (automática),,273.0,sim
5997-OPVFA,macho,0,sim,não,72,,dsl,sim,sim,sim,dois anos,transferência bancária (automática),,6254.45,não
3445-HXXGF,macho,1,sim,não,58,,dsl,não,não,não,mês a mês,cheque eletrônico,,2651.2,sim
1159-WFSGR,fêmea,0,sim,sim,16,,não,sem serviço de internet,sem serviço de internet,sem serviço de internet,mês a mês,cheque eletrônico,,321.4,não
7654-YWJUF,macho,0,sim,não,43,,fibra óptica,sim,sim,não,um ano,transferência bancária (automática),,3539.25,não
1875-QIVME,fêmea,0,sim,não,2,,fibra óptica,não,sim,sim,mês a mês,cheque eletrônico,,242.8,sim
6727-IOTLZ,macho,0,sim,não,14,,dsl,não,sim,sim,dois anos,cheque enviado,,1181.75,não
0691-JVSYA,fêmea,0,sim,não,53,,fibra óptica,não,não,sim,um ano,transferência bancária (automática),,5000.2,sim
5918-VUKWP,fêmea,0,não,não,32,,não,sem serviço de internet,sem serviço de internet,sem serviço de internet,um ano,transferência bancária (automática),,654.55,não
1744-JHKYS,fêmea,0,sim,não,34,,não,sem serviço de internet,sem serviço de internet,sem serviço de internet,mês a mês,cheque eletrônico,,780.2,não
2656-FMOKZ,fêmea,1,não,não,15,,fibra óptica,não,não,não,mês a mês,cheque enviado,,1145.7,sim
2070-FNEXE,fêmea,1,não,não,7,,fibra óptica,sim,não,não,mês a mês,transferência bancária (automática),,503.6,sim
5947-SGKCL,fêmea,0,sim,sim,15,,fibra óptica,não,não,sim,mês a mês,transferência bancária (automática),,1559.25,não
3712-PKXZA,macho,0,sim,não,61,,não,sem serviço de internet,sem serviço de internet,sem serviço de internet,um ano,cartão de crédito (automático),,1252.0,não
6317-YPKDH,fêmea,0,não,não,1,,dsl,não,não,não,mês a mês,transferência bancária (automática),,29.95,sim
6582-OIVSP,fêmea,0,não,não,1,,dsl,não,não,não,mês a mês,cheque enviado,,45.3,não
9367-WXLCH,macho,0,não,não,8,,fibra óptica,não,não,não,mês a mês,transferência bancária (automática),,662.65,sim
5524-KHNJP,macho,0,sim,sim,33,,dsl,sim,não,sim,um ano,cartão de crédito (automático),,2453.3,não
1918-ZBFQJ,fêmea,0,não,não,13,,fibra óptica,não,não,não,mês a mês,cheque eletrônico,,1111.65,sim
1024-GUALD,fêmea,0,sim,não,1,,dsl,não,não,não,mês a mês,cheque eletrônico,,24.8,sim
4827-USJHP,macho,0,não,não,20,,dsl,não,não,não,mês a mês,cheque enviado,,1023.85,não
8167-GJLRN,macho,0,não,não,3,,dsl,não,sim,não,mês a mês,cheque eletrônico,,82.15,não
0956-SYCWG,fêmea,0,não,não,13,,não,sem serviço de internet,sem serviço de internet,sem serviço de internet,um ano,cheque eletrônico,,244.8,não
8017-UVSZU,fêmea,0,sim,não,40,,dsl,não,não,não,mês a mês,cartão de crédito (automático),,2379.1,não
7100-FQPRV,macho,0,sim,sim,43,,dsl,sim,sim,não,um ano,cartão de crédito (automático),,3173.35,não
2472-OVKUP,macho,0,sim,não,6,,fibra óptica,não,não,não,mês a mês,cheque eletrônico,,531.0,sim
2984-RGEYA,fêmea,0,sim,sim,69,,não,sem serviço de internet,sem serviço de internet,sem serviço de internet,dois anos,transferência bancária (automática),,1375.4,não
9680-NIAUV,fêmea,0,sim,sim,72,,fibra óptica,sim,não,sim,dois anos,cartão de crédito (automático),,8129.3,não
2146-EGVDT,macho,0,sim,sim,59,,não,sem serviço de internet,sem serviço de internet,sem serviço de internet,dois anos,cartão de crédito (automático),,1192.7,não
2604-IJPDU,fêmea,0,sim,não,20,,fibra óptica,sim,sim,sim,mês a mês,cheque eletrônico,,1901.65,não
9178-JHUVJ,macho,0,sim,sim,24,,não,sem serviço de internet,sem serviço de internet,sem serviço de internet,dois anos,transferência bancária (automática),,587.4,não
6168-YBYNP,macho,0,não,não,59,,fibra óptica,não,sim,sim,mês a mês,cheque eletrônico,,6519.75,não
7255-SSFBC,macho,0,sim,sim,72,,fibra óptica,não,sim,sim,dois anos,transferência bancária (automática),,8041.65,não
3645-DEYGF,macho,0,não,sim,1,,não,sem serviço de internet,sem serviço de internet,sem serviço de internet,mês a mês,cheque enviado,,20.75,não
9323-HGFWY,fêmea,0,sim,não,27,,fibra óptica,sim,sim,sim,um ano,cartão de crédito (automático),,2681.15,não
8544-GOQSH,fêmea,0,não,não,14,,fibra óptica,não,sim,não,mês a mês,cartão de crédito (automático),,1112.3,não
3363-DTIVD,macho,0,sim,sim,71,,fibra óptica,sim,não,sim,dois anos,cheque eletrônico,,7405.5,não
7018-WBJNK,macho,0,não,sim,13,,fibra óptica,não,não,sim,mês a mês,cartão de crédito (automático),,1033.95,não
9142-KZXOP,macho,0,não,não,44,,fibra óptica,não,não,não,mês a mês,cartão de crédito (automático),,2958.95,não
7674-YTAFD,fêmea,0,não,não,33,,fibra óptica,não,sim,não,um ano,transferência bancária (automática),,2684.85,não
6348-SNFUS,macho,0,sim,sim,72,,dsl,sim,sim,não,dois anos,cartão de crédito (automático),,4179.2,não
1285-OKIPP,macho,0,não,não,1,,fibra óptica,não,não,não,mês a mês,cheque eletrônico,,79.9,sim
7825-ECJRF,fêmea,0,não,não,19,,fibra óptica,sim,sim,sim,mês a mês,cheque eletrônico,,1934.45,sim
1347-KTTTA,macho,0,sim,não,64,,fibra óptica,não,sim,sim,um ano,cartão de crédito (automático),,6654.1,não
7841-TZDMQ,macho,0,não,não,2,,dsl,não,não,não,mês a mês,cartão de crédito (automático),,84.5,sim
4195-NZGTA,fêmea,0,não,não,1,,dsl,não,não,não,mês a mês,cheque eletrônico,,25.25,não
7157-SMCFK,macho,0,não,sim,61,,não,sem serviço de internet,sem serviço de internet,sem serviço de internet,dois anos,cheque enviado,,1124.2,não
4709-LKHYG,fêmea,0,sim,sim,29,,não,sem serviço de internet,sem serviço de internet,sem serviço de internet,um ano,cheque eletrônico,,540.05,não
2504-DSHIH,macho,1,sim,não,23,,fibra óptica,não,não,não,mês a mês,cheque eletrônico,,1975.85,não
0699-NDKJM,fêmea,0,sim,não,57,,dsl,sim,não,sim,mês a mês,transferência bancária (automática),,3437.45,não
9286-BHDQG,macho,0,sim,sim,72,,dsl,sim,sim,não,dois anos,cartão de crédito (automático),,3139.8,não
0230-WEQUW,macho,0,sim,não,66,,dsl,sim,sim,sim,dois anos,transferência bancária (automática),,3789.2,não
2040-LDIWQ,macho,0,sim,sim,65,,dsl,não,sim,sim,dois anos,transferência bancária (automática),,5324.5,não
6496-JDSSB,fêmea,0,não,não,8,,fibra óptica,não,não,sim,mês a mês,transferência bancária (automática),,624.6,não
9408-SSNVZ,fêmea,0,não,não,4,,fibra óptica,não,não,não,mês a mês,cheque eletrônico,,268.35,sim
4443-EMBNA,fêmea,0,sim,não,71,,não,sem serviço de internet,sem serviço de internet,sem serviço de internet,dois anos,transferência bancária (automática),,1836.9,não
6469-MRVET,macho,0,sim,sim,1,,não,sem serviço de internet,sem serviço de internet,sem serviço de internet,um ano,cheque eletrônico,,20.2,não
0742-MOABM,macho,0,sim,não,4,,dsl,não,sim,não,mês a mês,cheque enviado,,179.35,sim
5961-VUSRV,fêmea,0,não,não,12,,não,sem serviço de internet,sem serviço de internet,sem serviço de internet,um ano,transferência bancária (automática),,219.35,não
6778-JFCMK,macho,0,não,não,24,,dsl,sim,não,sim,um ano,cheque enviado,,1288.75,não
6341-JVQGF,fêmea,0,sim,sim,31,,dsl,sim,sim,sim,um ano,cheque enviado,,2545.75,não
2232-DMLXU,fêmea,0,sim,não,1,,dsl,não,não,sim,mês a mês,cheque enviado,,55.2,sim
4811-JBUVU,macho,0,não,não,30,,fibra óptica,não,sim,não,mês a mês,cartão de crédito (automático),,2723.15,não
0945-TSONX,fêmea,0,sim,sim,47,,dsl,sim,sim,sim,dois anos,cartão de crédito (automático),,4107.25,não
2651-ZCBXV,macho,0,não,não,54,,fibra óptica,sim,sim,sim,dois anos,cartão de crédito (automático),,5760.65,não
3316-UWXUY,macho,0,não,não,50,,fibra óptica,sim,sim,não,mês a mês,cartão de crédito (automático),,4747.5,não
8937-RDTHP,macho,0,não,não,1,,fibra óptica,sim,não,não,mês a mês,cheque enviado,,84.6,sim
7083-MIOPC,fêmea,0,não,não,72,,não,sem serviço de internet,sem serviço de internet,sem serviço de internet,dois anos,cartão de crédito (automático),,1566.9,não
1984-GPTEH,fêmea,0,não,não,29,,não,sem serviço de internet,sem serviço de internet,sem serviço de internet,mês a mês,cheque eletrônico,,702.0,não
1251-KRREG,macho,0,não,não,2,,dsl,não,não,não,mês a mês,cheque enviado,,114.1,sim
0621-JFHOL,fêmea,0,não,não,10,,dsl,não,sim,não,dois anos,cheque enviado,,299.05,não
9903-LYSAB,macho,0,sim,não,18,,fibra óptica,não,não,não,mês a mês,cheque eletrônico,,1305.95,não
0094-OIFMO,fêmea,1,não,não,11,,fibra óptica,não,não,sim,mês a mês,cheque eletrônico,,1120.3,sim
9227-UAQFT,macho,0,não,não,16,,não,sem serviço de internet,sem serviço de internet,sem serviço de internet,dois anos,cheque enviado,,284.35,não
7301-ABVAD,fêmea,0,não,não,72,,dsl,não,sim,sim,dois anos,transferência bancária (automática),,6350.5,não
6614-FHDBO,macho,0,não,não,72,,fibra óptica,não,sim,sim,dois anos,transferência bancária (automática),,7878.3,não
7576-ASEJU,fêmea,0,sim,sim,41,,dsl,sim,sim,sim,um ano,cartão de crédito (automático),,3187.65,não
9058-HRZSV,fêmea,1,sim,não,65,,fibra óptica,sim,não,não,mês a mês,cheque eletrônico,,6126.15,não
4522-AKYLR,fêmea,1,não,não,13,,dsl,não,não,não,mês a mês,cheque eletrônico,,731.3,não
0221-WMXNQ,macho,1,não,não,4,,fibra óptica,sim,não,não,mês a mês,cheque eletrônico,,273.4,não
0303-UNCIP,macho,0,não,não,41,,dsl,não,não,não,um ano,cheque enviado,,2531.8,não
9947-OTFQU,macho,1,não,não,15,,fibra óptica,não,não,não,mês a mês,cheque eletrônico,,1074.3,sim
0322-YINQP,macho,0,não,não,1,,dsl,sim,não,não,mês a mês,cheque enviado,,48.55,sim
0959-WHOKV,macho,0,não,não,42,,fibra óptica,sim,não,não,um ano,cheque eletrônico,,4298.45,não
4075-JFPGR,fêmea,0,sim,não,51,,fibra óptica,sim,não,sim,um ano,cheque eletrônico,,4619.55,não
4629-NRXKX,fêmea,0,sim,sim,2,,fibra óptica,não,não,não,mês a mês,cheque eletrônico,,147.15,sim
9514-JDSKI,macho,1,sim,não,1,,dsl,não,não,sim,mês a mês,cheque eletrônico,,40.2,sim
3282-ZISZV,macho,0,não,sim,32,,dsl,não,sim,sim,um ano,cartão de crédito (automático),,2633.3,não
3675-YDUPJ,macho,0,não,não,10,,não,sem serviço de internet,sem serviço de internet,sem serviço de internet,mês a mês,cheque enviado,,193.05,não
4111-BNXIF,fêmea,0,sim,sim,67,,dsl,não,sim,sim,dois anos,cheque eletrônico,,4103.9,não
7017-VFHAY,fêmea,0,sim,sim,61,,fibra óptica,sim,sim,sim,dois anos,cartão de crédito (automático),,7008.15,não
6655-LHBYW,macho,0,não,não,50,,fibra óptica,sim,sim,sim,um ano,cartão de crédito (automático),,5791.1,não
4959-JOSRX,fêmea,0,sim,não,2,,dsl,não,não,não,mês a mês,cartão de crédito (automático),,80.55,sim
5046-NUHWD,fêmea,1,sim,não,29,,dsl,sim,não,não,mês a mês,cheque eletrônico,,1228.65,não
7273-TEFQD,macho,1,não,não,3,,dsl,não,não,não,mês a mês,cheque eletrônico,,132.2,sim
3606-TWKGI,macho,1,não,não,13,,fibra óptica,não,não,sim,mês a mês,cheque eletrônico,,1364.3,sim
7529-ZDFXI,macho,1,sim,não,57,,fibra óptica,não,não,não,mês a mês,cheque eletrônico,,4925.35,não
7605-BDWDC,fêmea,0,não,não,31,,dsl,sim,sim,não,dois anos,transferência bancária (automática),,1520.1,não
1950-KSVVJ,fêmea,0,sim,não,45,,fibra óptica,sim,sim,sim,um ano,cheque enviado,,5032.25,não
0123-CRBRT,fêmea,0,sim,sim,61,,dsl,sim,sim,sim,dois anos,cheque enviado,,5526.75,não
6292-TOSSS,macho,0,não,não,50,,não,sem serviço de internet,sem serviço de internet,sem serviço de internet,dois anos,transferência bancária (automática),,1195.25,não
3197-ARFOY,fêmea,1,não,não,19,,fibra óptica,sim,sim,sim,mês a mês,cheque enviado,,2007.25,não
6323-AYBRX,macho,0,não,não,59,,não,sem serviço de internet,sem serviço de internet,sem serviço de internet,dois anos,cheque enviado,,1099.6,sim
7014-ZZXAW,fêmea,0,sim,não,71,,não,sem serviço de internet,sem serviço de internet,sem serviço de internet,dois anos,cartão de crédito (automático),,1732.95,não
4385-GZQXV,fêmea,1,não,não,16,,fibra óptica,não,sim,sim,mês a mês,cheque eletrônico,,1511.2,sim
7633-MVPUY,macho,0,sim,não,57,,dsl,sim,sim,não,dois anos,cheque eletrônico,,3450.15,não
6366-ZGQGL,macho,0,não,não,1,,dsl,não,não,não,mês a mês,transferência bancária (automática),,24.8,sim
4716-HHKQH,macho,1,sim,não,20,,fibra óptica,não,sim,sim,mês a mês,cheque eletrônico,,2172.05,não
5940-AHUHD,macho,0,não,não,1,,fibra óptica,não,não,não,mês a mês,cheque enviado,,70.6,sim
6432-TWQLB,macho,0,sim,não,5,,fibra óptica,não,sim,não,mês a mês,cheque eletrônico,,401.1,sim
4484-GLZOU,fêmea,0,sim,não,52,,fibra óptica,não,não,sim,mês a mês,cheque eletrônico,,5624.85,sim
3179-GBRWV,macho,1,sim,não,21,,dsl,sim,não,não,mês a mês,transferência bancária (automática),,1339.8,não
8645-KWHJO,macho,0,não,não,14,,dsl,não,sim,sim,mês a mês,cheque eletrônico,,771.95,não
4130-MZLCC,fêmea,0,não,não,5,,dsl,não,não,não,mês a mês,transferência bancária (automática),,244.75,não
0314-TKOSI,fêmea,0,não,não,6,,dsl,sim,não,não,mês a mês,cheque enviado,,322.9,não
8229-MYEJZ,fêmea,0,não,não,10,,dsl,não,não,não,mês a mês,cheque eletrônico,,498.25,não
2080-SRCDE,fêmea,0,não,sim,1,,não,sem serviço de internet,sem serviço de internet,sem serviço de internet,mês a mês,cheque enviado,,25.4,não
9577-WJVCQ,fêmea,0,não,não,68,,dsl,sim,não,não,mês a mês,cheque enviado,,3687.75,não
9512-UIBFX,macho,0,sim,sim,18,,fibra óptica,não,não,sim,mês a mês,cheque enviado,,1779.95,sim
6202-DYYFX,fêmea,0,não,não,22,,fibra óptica,não,não,não,um ano,cartão de crédito (automático),,1783.6,não
3808-HFKDE,fêmea,0,não,não,20,,dsl,não,não,não,mês a mês,cheque eletrônico,,927.15,não
5583-SXDAG,macho,0,sim,não,1,,fibra óptica,não,não,não,mês a mês,cheque eletrônico,,70.0,sim
3488-PGMQJ,macho,1,não,não,8,,fibra óptica,não,não,não,mês a mês,cheque eletrônico,,606.55,sim
3580-REOAC,macho,0,não,não,10,,dsl,não,não,não,mês a mês,cartão de crédito (automático),,435.4,sim
7534-BFESC,macho,1,não,não,24,,fibra óptica,não,não,não,mês a mês,cheque eletrônico,,1712.7,sim
3727-OWVYD,macho,0,não,não,35,,dsl,sim,não,não,um ano,cheque enviado,,2021.2,não
2294-SALNE,macho,0,sim,sim,23,,fibra óptica,não,sim,não,um ano,cheque enviado,,1940.8,não
4847-TAJYI,fêmea,1,não,não,6,,fibra óptica,não,não,sim,mês a mês,cheque eletrônico,,567.8,não
1563-IWQEX,fêmea,0,não,não,12,,não,sem serviço de internet,sem serviço de internet,sem serviço de internet,mês a mês,cheque enviado,,220.35,não
8203-XJZRC,macho,0,não,não,1,,não,sem serviço de internet,sem serviço de internet,sem serviço de internet,mês a mês,cheque enviado,,20.25,não
6556-DBKZF,fêmea,0,sim,sim,71,,fibra óptica,não,não,não,dois anos,cheque eletrônico,,5436.45,não
6851-WEFYX,macho,1,sim,não,35,,fibra óptica,não,não,sim,mês a mês,cheque eletrônico,,3437.5,não
2985-JUUBZ,macho,0,sim,sim,40,,dsl,não,não,sim,mês a mês,cheque eletrônico,,3015.75,não
6390-DSAZX,fêmea,0,não,sim,1,,fibra óptica,sim,não,não,mês a mês,cheque enviado,,73.6,sim
0895-LMRSF,macho,0,não,não,23,,dsl,não,não,sim,um ano,transferência bancária (automática),64.9,1509.8,não
8098-LLAZX,fêmea,1,não,não,4,,fibra óptica,não,não,sim,mês a mês,cheque eletrônico,95.45,396.1,sim
8266-VBFQL,macho,0,não,não,4,,fibra óptica,não,sim,não,mês a mês,cheque eletrônico,90.4,356.65,não
8181-YHCMF,fêmea,0,sim,sim,68,,dsl,não,sim,sim,dois anos,cartão de crédito (automático),60.3,4109.0,não
2240-HSJQD,macho,0,não,sim,38,,fibra óptica,não,não,não,mês a mês,cheque enviado,81.85,3141.7,não
1248-DYXUB,macho,0,sim,sim,52,,não,sem serviço de internet,sem serviço de internet,sem serviço de internet,dois anos,cheque enviado,24.8,1229.1,não
0265-EDXBD,macho,1,sim,não,32,,fibra óptica,não,não,não,mês a mês,cheque eletrônico,74.9,2303.35,sim
4115-BNPJY,macho,0,sim,sim,29,,dsl,não,sim,sim,dois anos,cheque enviado,75.55,2054.4,não
3167-SNQPL,macho,1,sim,sim,38,,fibra óptica,não,não,sim,mês a mês,cheque eletrônico,101.15,3741.85,não
4091-TVOCN,macho,0,não,sim,48,,dsl,sim,não,sim,um ano,cartão de crédito (automático),78.75,3682.45,não
1098-TDVUQ,fêmea,0,não,não,1,,não,sem serviço de internet,sem serviço de internet,sem serviço de internet,mês a mês,transferência bancária (automática),19.25,19.25,não
7277-OZCGZ,fêmea,0,não,não,22,,fibra óptica,sim,sim,não,mês a mês,cheque eletrônico,89.05,1886.25,não
1557-EMYVT,fêmea,0,não,não,43,,fibra óptica,sim,sim,sim,dois anos,cartão de crédito (automático),115.05,4895.1,não
2799-ARNLO,fêmea,1,sim,não,5,,fibra óptica,não,não,não,mês a mês,cheque eletrônico,69.35,341.6,não
7563-BIUPC,macho,0,não,não,5,,fibra óptica,não,não,sim,mês a mês,cheque eletrônico,80.6,415.55,sim
5027-YOCXN,macho,0,sim,sim,51,,fibra óptica,sim,sim,sim,um ano,cartão de crédito (automático),110.05,5686.4,não
3973-SKMLN,macho,0,não,não,71,,não,sem serviço de internet,sem serviço de internet,sem serviço de internet,dois anos,cartão de crédito (automático),19.9,1355.1,não
2321-OMBXY,fêmea,0,sim,sim,38,,dsl,sim,sim,sim,um ano,cartão de crédito (automático),80.3,3058.65,sim
2840-XANRC,macho,1,sim,não,24,,fibra óptica,não,não,sim,mês a mês,cheque eletrônico,93.15,2231.05,sim
6745-JEFZB,macho,0,sim,não,35,,fibra óptica,não,sim,sim,mês a mês,cartão de crédito (automático),91.5,3236.35,não
5020-ZSTTY,fêmea,1,não,não,54,,dsl,sim,sim,sim,um ano,transferência bancária (automática),82.45,4350.1,sim
9880-TDQAC,fêmea,0,sim,sim,72,,dsl,não,sim,sim,dois anos,cheque eletrônico,60.0,4264.0,não
8705-WZCYL,macho,0,não,não,1,,dsl,não,não,não,mês a mês,cheque eletrônico,44.8,44.8,não
7102-JJVTX,fêmea,0,sim,sim,9,,dsl,sim,não,não,um ano,cheque enviado,48.6,422.3,não
8626-PTQGE,macho,0,não,não,69,,dsl,sim,sim,sim,dois anos,transferência bancária (automática),60.05,4176.7,não
4983-CLMLV,fêmea,0,sim,não,52,,fibra óptica,não,sim,sim,mês a mês,cartão de crédito (automático),102.7,5138.1,não
5701-YVSVF,fêmea,1,sim,não,11,,fibra óptica,não,sim,sim,mês a mês,cheque eletrônico,82.9,880.05,não
5804-LEPIM,fêmea,1,não,não,2,,fibra óptica,não,não,não,mês a mês,cheque eletrônico,70.35,139.05,sim
5697-GOMBF,fêmea,1,sim,sim,28,,dsl,não,não,sim,mês a mês,cheque eletrônico,35.9,973.65,não
2739-CACDQ,fêmea,1,não,não,17,,fibra óptica,não,não,não,mês a mês,cartão de crédito (automático),82.65,1470.05,não
9385-EHGDO,fêmea,0,sim,sim,35,,não,sem serviço de internet,sem serviço de internet,sem serviço de internet,dois anos,cheque enviado,19.85,739.35,não
9498-FIMXL,fêmea,0,não,não,8,,não,sem serviço de internet,sem serviço de internet,sem serviço de internet,um ano,cheque enviado,19.2,161.95,não
2379-GYFLQ,macho,0,não,não,46,,fibra óptica,não,não,sim,um ano,cartão de crédito (automático),94.9,4422.95,não
0122-OAHPZ,fêmea,0,não,não,7,,fibra óptica,não,não,não,mês a mês,cheque eletrônico,73.85,511.25,sim
2868-SNELZ,fêmea,0,não,não,2,,fibra óptica,não,não,não,mês a mês,cheque enviado,80.6,155.8,sim
4322-RCYMT,macho,0,sim,sim,68,,dsl,não,sim,não,um ano,transferência bancária (automática),75.8,5293.95,sim
6680-NENYN,fêmea,0,não,não,43,,fibra óptica,não,não,sim,dois anos,cheque eletrônico,104.6,4759.85,sim
2088-IEBAU,fêmea,0,não,não,68,,dsl,sim,sim,sim,dois anos,cheque eletrônico,88.15,6148.45,não
7982-VCELR,fêmea,0,não,não,36,,fibra óptica,não,não,sim,mês a mês,cartão de crédito (automático),94.8,3565.65,não
1343-EHPYB,macho,0,sim,não,63,,fibra óptica,não,não,sim,mês a mês,cheque eletrônico,103.4,6603.0,sim
6035-BXTTY,fêmea,1,não,não,32,,dsl,não,sim,não,mês a mês,transferência bancária (automática),54.65,1830.1,não
6885-PKOAM,fêmea,0,sim,não,71,,dsl,sim,sim,sim,dois anos,cartão de crédito (automático),85.75,6223.8,não
7520-HQWJU,fêmea,0,sim,sim,66,,dsl,sim,não,não,mês a mês,transferência bancária (automática),67.45,4508.65,não
9639-BUJXT,macho,0,não,não,63,,não,sem serviço de internet,sem serviço de internet,sem serviço de internet,um ano,cheque enviado,20.5,1328.15,não
5924-SNGKP,fêmea,0,não,sim,41,,não,sem serviço de internet,sem serviço de internet,sem serviço de internet,um ano,cartão de crédito (automático),20.25,865.0,não
0021-IKXGC,fêmea,1,não,não,1,,fibra óptica,não,não,não,mês a mês,cheque eletrônico,72.1,72.1,não
2034-GDRCN,fêmea,0,não,não,2,,fibra óptica,não,não,sim,mês a mês,cheque eletrônico,90.4,168.2,sim
8966-SNIZF,fêmea,0,sim,não,70,,não,sem serviço de internet,sem serviço de internet,sem serviço de internet,dois anos,transferência bancária (automática),19.45,1303.5,não
6243-OZGFH,fêmea,0,não,não,23,,dsl,não,não,sim,mês a mês,cheque eletrônico,44.95,996.85,não
4654-DLAMQ,fêmea,1,sim,não,64,,fibra óptica,sim,não,não,um ano,transferência bancária (automática),97.0,6430.9,não
0513-RBGPE,macho,0,sim,sim,37,,dsl,sim,sim,não,dois anos,cartão de crédito (automático),62.8,2278.75,não
5160-UXJED,macho,0,não,sim,17,,dsl,não,não,não,um ano,cheque enviado,44.6,681.4,não
4115-NZRKS,fêmea,1,não,não,7,,fibra óptica,não,não,sim,mês a mês,cheque eletrônico,89.15,574.35,não
0219-YTZUE,macho,0,sim,sim,4,,fibra óptica,não,não,não,mês a mês,transferência bancária (automática),84.8,371.9,sim
0623-IIHUG,fêmea,1,não,não,21,,dsl,sim,não,sim,mês a mês,cheque eletrônico,41.9,840.1,sim
4572-DVCGN,fêmea,0,não,não,10,,fibra óptica,não,não,não,mês a mês,transferência bancária (automática),80.25,846.0,sim
3351-NGXYI,fêmea,1,não,não,16,,dsl,sim,não,não,mês a mês,cheque eletrônico,54.1,889.0,não
8984-EYLLL,macho,0,sim,não,64,,fibra óptica,não,sim,sim,dois anos,cheque eletrônico,105.25,6823.4,não
9057-MSWCO,macho,1,sim,não,27,,dsl,sim,não,não,mês a mês,cartão de crédito (automático),30.75,805.1,sim
9833-TGFHX,macho,0,sim,sim,42,,fibra óptica,sim,não,sim,um ano,cheque eletrônico,97.1,4016.75,não
9294-TDIPC,macho,0,não,sim,5,,não,sem serviço de internet,sem serviço de internet,sem serviço de internet,mês a mês,cheque enviado,20.2,83.75,não
5229-DTFYB,fêmea,0,não,não,41,,fibra óptica,não,sim,sim,dois anos,transferência bancária (automática),98.8,3959.15,não
0104-PPXDV,macho,0,sim,não,58,,dsl,não,não,não,um ano,cartão de crédito (automático),50.3,2878.55,não
5176-LMJXE,fêmea,0,não,não,47,,não,sem serviço de internet,sem serviço de internet,sem serviço de internet,dois anos,cheque enviado,20.55,945.7,não
3583-KRKMD,macho,0,não,não,18,,fibra óptica,não,sim,não,mês a mês,transferência bancária (automática),75.9,1373.05,não
1010-DIAUQ,macho,0,não,não,5,,fibra óptica,não,não,sim,mês a mês,transferência bancária (automática),96.5,492.55,sim
9069-LGEUL,macho,0,sim,não,23,,dsl,sim,não,não,mês a mês,transferência bancária (automática),59.95,1406.0,não
7302-ZHMHP,fêmea,0,não,não,1,,não,sem serviço de internet,sem serviço de internet,sem serviço de internet,mês a mês,cheque enviado,19.15,19.15,não
9571-EDEBV,macho,0,sim,não,71,,fibra óptica,não,não,sim,um ano,cartão de crédito (automático),98.65,6962.85,não
3520-FJGCV,macho,0,sim,sim,72,,fibra óptica,sim,sim,sim,dois anos,cartão de crédito (automático),112.6,8126.65,não
6563-VRERX,macho,0,sim,sim,33,,não,sem serviço de internet,sem serviço de internet,sem serviço de internet,um ano,cheque enviado,20.6,690.25,não
0259-GBZSH,macho,0,não,não,2,,fibra óptica,não,não,sim,mês a mês,cheque eletrônico,85.65,181.5,sim
6122-EFVKN,macho,0,não,sim,24,,dsl,sim,sim,não,dois anos,cheque enviado,35.75,830.8,não
2805-EDJPQ,fêmea,0,sim,sim,56,,fibra óptica,não,sim,não,um ano,cartão de crédito (automático),99.75,5608.4,não
6862-CQUMB,macho,0,não,não,37,,fibra óptica,não,não,sim,mês a mês,cartão de crédito (automático),96.1,3646.8,não
7156-MXBJE,fêmea,0,não,não,43,,dsl,não,sim,sim,um ano,cartão de crédito (automático),85.1,3662.25,não
6158-HDPXZ,macho,0,não,não,1,,dsl,não,não,não,mês a mês,cheque enviado,25.35,25.35,não
9601-BRXPO,fêmea,0,sim,não,25,,fibra óptica,não,sim,sim,mês a mês,transferência bancária (automática),104.95,2566.5,sim
2863-IMQDR,fêmea,0,não,não,61,,dsl,sim,sim,sim,dois anos,cheque eletrônico,89.65,5308.7,não
5686-CMAWK,macho,0,não,não,17,,fibra óptica,não,sim,não,um ano,cheque eletrônico,86.75,1410.25,não
5651-CRHKQ,fêmea,0,sim,não,41,,fibra óptica,não,sim,não,um ano,transferência bancária (automática),86.2,3339.05,não
6905-NIQIN,macho,0,não,não,1,,dsl,não,não,não,mês a mês,cheque enviado,50.65,50.65,sim
8204-YJCLA,macho,1,sim,sim,72,,dsl,sim,sim,sim,dois anos,transferência bancária (automática),64.8,4732.35,não
5167-ZFFMM,macho,0,não,não,1,,fibra óptica,não,não,não,mês a mês,cartão de crédito (automático),90.85,90.85,sim
6583-SZVGP,macho,0,não,não,48,,fibra óptica,não,não,sim,dois anos,transferência bancária (automática),108.1,5067.45,não
4895-TMWIR,macho,1,sim,não,11,,não,sem serviço de internet,sem serviço de internet,sem serviço de internet,mês a mês,cheque enviado,19.95,214.75,sim
0533-BNWKF,fêmea,1,sim,não,55,,fibra óptica,não,não,não,mês a mês,cheque eletrônico,85.45,4874.7,sim
1708-PBBOA,fêmea,0,não,não,42,,dsl,sim,sim,não,um ano,cheque eletrônico,54.75,2348.45,não
8782-LKFPK,macho,0,não,não,44,,fibra óptica,não,não,não,mês a mês,cheque enviado,90.4,4063.0,não
5522-JBWMO,macho,0,não,sim,1,,dsl,não,não,não,mês a mês,cheque eletrônico,44.0,44.0,não
3597-MVHJT,fêmea,0,não,não,27,,fibra óptica,não,não,sim,mês a mês,transferência bancária (automática),95.6,2595.25,não
9774-NRNAU,macho,1,sim,não,27,,dsl,não,sim,sim,mês a mês,transferência bancária (automática),84.8,2309.55,não
0224-RLWWD,fêmea,1,não,não,2,,dsl,não,não,não,mês a mês,cheque eletrônico,44.3,89.3,não
9967-ATRFS,fêmea,0,não,não,19,,não,sem serviço de internet,sem serviço de internet,sem serviço de internet,mês a mês,cheque enviado,19.9,367.55,não
3951-NJCVI,fêmea,1,sim,não,42,,fibra óptica,não,não,sim,mês a mês,cheque eletrônico,95.05,3944.5,não
2977-CEBSX,fêmea,0,não,não,66,,dsl,sim,sim,sim,dois anos,cartão de crédito (automático),90.05,5965.95,não
0177-PXBAT,macho,1,sim,não,33,,fibra óptica,sim,sim,sim,mês a mês,transferência bancária (automática),109.9,3694.7,não
6599-CEBNN,fêmea,0,não,não,34,,fibra óptica,não,não,não,mês a mês,cartão de crédito (automático),73.95,2524.45,sim
2519-ERQOJ,macho,1,não,não,33,,dsl,não,sim,sim,mês a mês,cheque eletrônico,54.6,1803.7,não
5876-QMYLD,fêmea,0,sim,sim,23,,não,sem serviço de internet,sem serviço de internet,sem serviço de internet,um ano,cheque enviado,20.05,415.1,não
2277-AXSDC,fêmea,0,não,não,32,,não,sem serviço de internet,sem serviço de internet,sem serviço de internet,um ano,transferência bancária (automática),19.75,624.15,não
9442-JTWDL,fêmea,0,não,não,11,,não,sem serviço de internet,sem serviço de internet,sem serviço de internet,um ano,cartão de crédito (automático),20.05,237.7,não
0979-PHULV,macho,0,sim,sim,69,,fibra óptica,não,não,sim,mês a mês,cartão de crédito (automático),99.45,7007.6,sim
3067-SVMTC,fêmea,0,sim,não,68,,dsl,sim,sim,não,um ano,transferência bancária (automática),55.9,3848.8,não
5495-GPSRW,macho,0,não,não,20,,não,sem serviço de internet,sem serviço de internet,sem serviço de internet,dois anos,cheque enviado,19.7,419.4,não
7606-BPHHN,macho,0,não,não,72,,não,sem serviço de internet,sem serviço de internet,sem serviço de internet,dois anos,cartão de crédito (automático),19.8,1468.75,não
4742-DRORA,macho,0,sim,sim,60,,fibra óptica,sim,não,sim,um ano,transferência bancária (automática),95.4,5812.0,não
0111-KLBQG,macho,1,sim,sim,32,,fibra óptica,não,não,sim,mês a mês,cheque enviado,93.95,2861.45,não
4800-VHZKI,fêmea,0,não,não,1,,não,sem serviço de internet,sem serviço de internet,sem serviço de internet,mês a mês,cheque enviado,19.9,19.9,sim
7989-CHGTL,macho,0,não,não,1,,não,sem serviço de internet,sem serviço de internet,sem serviço de internet,mês a mês,cheque enviado,19.6,19.6,sim
0334-GDDSO,macho,1,não,não,3,,fibra óptica,não,não,não,mês a mês,cheque eletrônico,81.35,233.7,sim
4163-NCJAK,fêmea,0,sim,não,46,,não,sem serviço de internet,sem serviço de internet,sem serviço de internet,um ano,transferência bancária (automática),24.45,1066.15,não
5233-AOZUF,fêmea,0,sim,não,29,,fibra óptica,não,não,não,mês a mês,cheque eletrônico,74.95,2149.05,não
5973-EJGDP,macho,0,não,não,51,,fibra óptica,não,sim,não,mês a mês,cheque eletrônico,87.35,4473.0,não
1996-DBMUS,fêmea,1,sim,não,48,,fibra óptica,não,não,não,mês a mês,transferência bancária (automática),70.65,3545.05,não
7916-VCCPB,fêmea,0,sim,sim,16,,fibra óptica,não,não,não,mês a mês,transferência bancária (automática),73.25,1195.75,não
4686-GEFRM,macho,0,sim,não,70,,fibra óptica,não,sim,não,dois anos,transferência bancária (automática),98.7,6858.9,não
5249-QYHEX,fêmea,0,sim,sim,40,,não,sem serviço de internet,sem serviço de internet,sem serviço de internet,dois anos,cheque enviado,24.8,1024.7,não
0578-SKVMF,fêmea,0,sim,sim,22,,fibra óptica,não,não,não,mês a mês,cheque eletrônico,83.3,1845.9,sim
5564-NEMQO,fêmea,1,não,não,1,,fibra óptica,não,não,não,mês a mês,transferência bancária (automática),75.3,75.3,sim
2233-FAGXV,fêmea,0,sim,sim,5,,não,sem serviço de internet,sem serviço de internet,sem serviço de internet,mês a mês,cheque enviado,24.3,132.25,não
5605-IYGFG,fêmea,0,não,não,7,,fibra óptica,não,não,não,mês a mês,transferência bancária (automática),69.85,515.45,não
7663-ZTEGJ,macho,0,não,sim,29,,fibra óptica,não,sim,não,um ano,cartão de crédito (automático),100.55,2830.45,não
3935-TBRZZ,macho,0,sim,sim,44,,não,sem serviço de internet,sem serviço de internet,sem serviço de internet,um ano,cheque enviado,25.7,1110.5,não
8111-BKVDS,fêmea,0,não,não,10,,dsl,sim,não,não,mês a mês,transferência bancária (automática),40.7,449.3,não
2055-SIFSS,fêmea,1,sim,não,55,,dsl,não,não,não,mês a mês,transferência bancária (automática),51.65,2838.55,não
2806-MLNTI,macho,1,sim,não,52,,fibra óptica,não,não,sim,um ano,transferência bancária (automática),105.1,5376.4,não
8734-DKSTZ,fêmea,0,sim,sim,10,,fibra óptica,não,não,não,mês a mês,cheque eletrônico,85.95,858.6,não
4360-PNRQB,macho,0,não,não,18,,fibra óptica,não,não,não,mês a mês,transferência bancária (automática),75.6,1395.05,não
6152-ONASV,fêmea,0,sim,não,68,,dsl,sim,sim,não,um ano,transferência bancária (automática),58.25,3975.7,não
9063-ZGTUY,fêmea,0,sim,sim,61,,não,sem serviço de internet,sem serviço de internet,sem serviço de internet,mês a mês,cheque enviado,19.4,1182.55,sim
7781-HVGMK,fêmea,0,sim,sim,72,,dsl,sim,sim,sim,dois anos,cartão de crédito (automático),65.2,4784.45,não
2181-UAESM,macho,0,não,não,2,,dsl,sim,não,não,mês a mês,cheque eletrônico,53.45,119.5,não
2957-LOLHO,macho,0,não,não,12,,dsl,não,não,não,mês a mês,transferência bancária (automática),45.4,518.9,sim
6048-NJXHX,macho,0,sim,não,41,,não,sem serviço de internet,sem serviço de internet,sem serviço de internet,dois anos,cheque eletrônico,19.75,899.45,não
2320-SLKMB,fêmea,0,não,não,26,,dsl,não,sim,sim,mês a mês,cartão de crédito (automático),44.45,1183.8,não
4980-URKXC,macho,0,sim,não,36,,não,sem serviço de internet,sem serviço de internet,sem serviço de internet,um ano,transferência bancária (automática),20.85,720.05,não
4376-KFVRS,macho,0,sim,sim,72,,fibra óptica,sim,sim,sim,dois anos,cartão de crédito (automático),114.05,8468.2,não
5886-VLQVU,macho,0,sim,não,35,,fibra óptica,não,sim,não,mês a mês,transferência bancária (automática),89.85,3161.2,não
3577-AMVUX,macho,0,não,não,1,,dsl,não,sim,não,mês a mês,cheque enviado,55.05,55.05,não
0771-WLCLA,fêmea,0,sim,sim,16,,fibra óptica,sim,sim,sim,mês a mês,cheque eletrônico,112.95,1882.55,não
5628-RKIFK,fêmea,1,não,não,49,,fibra óptica,sim,não,sim,mês a mês,cartão de crédito (automático),101.55,5070.4,não
0206-TBWLC,fêmea,0,sim,não,54,,fibra óptica,sim,sim,sim,um ano,cheque enviado,114.65,6049.5,não
2937-FTHUR,fêmea,0,não,sim,18,,dsl,sim,não,não,mês a mês,cheque eletrônico,64.8,1166.7,não
1910-FMXJM,fêmea,0,sim,não,36,,fibra óptica,não,não,não,mês a mês,cheque eletrônico,80.4,2937.65,não
7752-XUSCI,fêmea,0,não,não,60,,fibra óptica,não,não,sim,mês a mês,cheque eletrônico,105.9,6396.45,sim
4110-PFEUZ,fêmea,0,não,não,1,,fibra óptica,não,não,não,mês a mês,cheque enviado,69.55,69.55,sim
0732-OCQOC,fêmea,0,sim,sim,52,,não,sem serviço de internet,sem serviço de internet,sem serviço de internet,dois anos,transferência bancária (automática),25.05,1270.25,não
5168-MSWXT,macho,0,sim,sim,8,,fibra óptica,não,não,sim,mês a mês,cheque eletrônico,94.75,759.55,não
1090-ESELR,macho,0,sim,sim,72,,fibra óptica,sim,sim,sim,dois anos,transferência bancária (automática),105.5,7611.55,não
8592-PLTMQ,fêmea,0,não,não,64,,não,sem serviço de internet,sem serviço de internet,sem serviço de internet,um ano,cheque enviado,24.7,1642.75,não
5760-WRAHC,fêmea,1,não,não,22,,dsl,sim,sim,não,mês a mês,cheque enviado,69.75,1545.4,não
8847-GEOOQ,macho,0,sim,não,60,,dsl,não,sim,sim,mês a mês,transferência bancária (automática),60.2,3582.4,não
0256-LTHVJ,fêmea,0,sim,sim,28,,fibra óptica,não,não,não,mês a mês,cheque eletrônico,81.05,2227.1,sim
4785-FCIFB,fêmea,0,sim,não,61,,não,sem serviço de internet,sem serviço de internet,sem serviço de internet,dois anos,cheque enviado,24.4,1417.9,não
8313-NDOIA,fêmea,0,não,não,24,,fibra óptica,não,não,sim,mês a mês,cheque eletrônico,104.15,2494.65,não
5149-CUZUJ,macho,0,sim,sim,28,,fibra óptica,não,sim,sim,um ano,transferência bancária (automática),92.9,2768.35,não
0942-KOWSM,fêmea,0,sim,sim,30,,dsl,não,sim,sim,dois anos,transferência bancária (automática),80.8,2369.3,não
4237-CLSMM,macho,0,sim,não,2,,não,sem serviço de internet,sem serviço de internet,sem serviço de internet,mês a mês,cheque enviado,20.0,38.0,não
1452-VOQCH,macho,0,não,não,1,,fibra óptica,não,não,não,mês a mês,cheque eletrônico,75.1,75.1,não
4719-UMSIY,macho,0,não,sim,6,,não,sem serviço de internet,sem serviço de internet,sem serviço de internet,mês a mês,cheque enviado,19.65,100.9,não
6614-VBEGU,fêmea,0,sim,não,24,,dsl,não,não,sim,mês a mês,transferência bancária (automática),69.45,1614.05,não
0880-TKATG,macho,0,sim,sim,4,,fibra óptica,não,não,sim,mês a mês,cheque eletrônico,101.15,385.9,sim
3811-VBYBZ,macho,0,não,não,7,,fibra óptica,não,não,sim,mês a mês,cheque eletrônico,99.8,673.25,sim
1480-BKXGA,macho,1,sim,não,72,,fibra óptica,sim,sim,sim,dois anos,transferência bancária (automática),116.05,8404.9,não
2996-XAUVF,macho,0,não,não,70,,dsl,não,sim,não,dois anos,cheque enviado,40.05,2799.75,não
9076-AXYIK,macho,1,sim,não,64,,fibra óptica,não,sim,sim,dois anos,cheque eletrônico,102.1,6538.45,não
5968-XQIVE,macho,0,sim,sim,72,,fibra óptica,não,não,sim,um ano,cheque eletrônico,89.7,6588.95,não
8896-RAZCR,fêmea,0,não,sim,44,,não,sem serviço de internet,sem serviço de internet,sem serviço de internet,dois anos,cheque enviado,19.9,868.1,não
4640-UHDOS,fêmea,0,sim,sim,13,,dsl,não,não,não,mês a mês,cheque eletrônico,55.95,734.35,sim
4933-IKULF,fêmea,1,não,não,17,,não,sem serviço de internet,sem serviço de internet,sem serviço de internet,um ano,cheque enviado,20.65,330.6,não
3583-EKAPL,macho,0,não,não,1,,dsl,não,não,não,mês a mês,cheque eletrônico,55.0,55.0,sim
1304-BCCFO,macho,0,sim,não,9,,dsl,não,não,sim,mês a mês,cheque enviado,70.05,564.4,não
4104-PVRPS,macho,0,sim,não,24,,dsl,sim,sim,não,mês a mês,cheque enviado,53.6,1315.35,não
9399-APLBT,fêmea,0,sim,sim,1,,fibra óptica,não,não,não,mês a mês,cheque eletrônico,74.7,74.7,sim
2359-KMGLI,macho,0,não,não,24,,fibra óptica,não,não,não,mês a mês,cheque eletrônico,80.25,1861.5,sim
3780-DDGSE,macho,1,sim,sim,35,,dsl,não,sim,sim,mês a mês,cheque eletrônico,76.05,2747.2,não
4431-EDMIQ,fêmea,0,sim,sim,7,,dsl,sim,sim,sim,mês a mês,cheque eletrônico,75.7,554.05,não
0306-JAELE,macho,0,não,não,5,,fibra óptica,não,sim,sim,mês a mês,cheque eletrônico,96.1,453.4,sim
6227-HWPWX,fêmea,0,não,sim,15,,fibra óptica,não,não,não,mês a mês,transferência bancária (automática),69.0,994.8,sim
0486-LGCCH,macho,0,sim,sim,11,,não,sem serviço de internet,sem serviço de internet,sem serviço de internet,dois anos,cheque enviado,19.65,225.75,não
0447-BEMNG,fêmea,0,sim,não,48,,dsl,sim,não,não,mês a mês,transferência bancária (automática),45.3,2145.0,sim
4612-SSVHJ,fêmea,1,não,não,20,,fibra óptica,não,não,não,mês a mês,cheque eletrônico,81.45,1671.6,não
5168-MQQCA,fêmea,0,sim,não,72,,fibra óptica,não,sim,sim,um ano,transferência bancária (automática),108.5,8003.8,não
5949-XIKAE,fêmea,0,sim,sim,8,,fibra óptica,não,não,sim,mês a mês,cheque eletrônico,83.55,680.05,sim
7971-HLVXI,macho,0,sim,sim,72,,fibra óptica,não,não,não,dois anos,cartão de crédito (automático),84.5,6130.85,não
9094-AZPHK,fêmea,0,não,não,15,,fibra óptica,não,não,sim,mês a mês,cheque eletrônico,100.15,1415.0,não
3649-JPUGY,macho,0,não,não,72,,dsl,não,sim,sim,dois anos,transferência bancária (automática),88.6,6201.95,não
4472-LVYGI,fêmea,0,sim,sim,0,,dsl,sim,sim,sim,dois anos,transferência bancária (automática),52.55,52.55,não
8372-JUXUI,macho,0,não,sim,1,,fibra óptica,não,não,não,mês a mês,cheque eletrônico,74.35,20.25,sim
3552-CTCYF,macho,0,sim,sim,63,,fibra óptica,não,não,sim,dois anos,transferência bancária (automática),104.8,80.85,não
6778-YSNIH,fêmea,0,não,não,2,,dsl,não,não,sim,mês a mês,cheque eletrônico,59.0,25.75,não
0388-EOPEX,fêmea,0,sim,não,2,,fibra óptica,sim,não,não,mês a mês,cheque eletrônico,74.4,56.05,sim
5756-OZRIO,macho,1,sim,não,61,,dsl,não,não,não,um ano,transferência bancária (automática),64.05,3902.6,não
6579-JPICP,macho,0,não,não,1,,não,sem serviço de internet,sem serviço de internet,sem serviço de internet,mês a mês,cheque enviado,20.4,20.4,não
8205-OTCHB,macho,0,não,não,22,,dsl,não,não,não,um ano,transferência bancária (automática),43.75,903.6,sim
4134-BSXLX,macho,0,sim,não,28,,dsl,sim,sim,não,mês a mês,cheque enviado,60.9,1785.65,não
0505-SPOOW,fêmea,0,sim,não,70,,não,sem serviço de internet,sem serviço de internet,sem serviço de internet,dois anos,transferência bancária (automática),19.8,1397.65,não
6235-VDHOM,fêmea,1,não,não,5,,dsl,não,não,não,mês a mês,cheque eletrônico,28.45,131.05,sim
7783-YKGDV,fêmea,0,não,não,12,,fibra óptica,sim,não,não,mês a mês,transferência bancária (automática),99.7,1238.45,sim
4374-YMUSQ,macho,0,não,não,34,,fibra óptica,sim,sim,sim,um ano,cartão de crédito (automático),116.25,3899.05,não
4513-CXYIX,fêmea,1,sim,não,71,,fibra óptica,sim,não,não,dois anos,cartão de crédito (automático),80.7,5676.0,não
3957-HHLMR,fêmea,0,sim,sim,70,,dsl,sim,não,não,um ano,transferência bancária (automática),65.2,4543.15,não
7803-XOCCZ,fêmea,0,sim,sim,52,,fibra óptica,sim,sim,não,mês a mês,transferência bancária (automática),84.05,4326.8,não
5736-YEJAX,macho,0,não,sim,69,,dsl,sim,sim,sim,dois anos,cartão de crédito (automático),79.45,5502.55,não
5609-CEBID,fêmea,1,não,não,20,,fibra óptica,não,não,não,mês a mês,cheque eletrônico,94.1,1782.4,sim
8981-FJGLA,macho,0,não,sim,11,,fibra óptica,não,não,não,mês a mês,cheque enviado,78.0,851.8,não
7218-HKQFK,macho,0,sim,não,2,,fibra óptica,não,sim,sim,mês a mês,cheque eletrônico,94.2,167.5,sim
4636-QRJKY,fêmea,0,sim,sim,6,,fibra óptica,não,sim,não,mês a mês,cheque eletrônico,80.5,502.85,sim
1135-LMECX,fêmea,0,não,não,1,,não,sem serviço de internet,sem serviço de internet,sem serviço de internet,mês a mês,cheque enviado,19.85,19.85,não
4332-MUOEZ,macho,1,sim,sim,20,,fibra óptica,sim,sim,não,um ano,cartão de crédito (automático),94.3,1818.3,não
8535-SFUTN,macho,0,não,não,61,,fibra óptica,sim,não,sim,mês a mês,cheque eletrônico,106.45,6300.15,não
5956-VKDTT,fêmea,1,sim,não,5,,fibra óptica,não,não,não,mês a mês,cheque eletrônico,74.35,334.8,sim
8677-HDZEE,fêmea,0,não,não,56,,fibra óptica,não,sim,sim,mês a mês,transferência bancária (automática),105.45,5916.95,não
2475-MROZF,macho,0,não,não,30,,fibra óptica,sim,sim,não,mês a mês,cartão de crédito (automático),95.0,2852.4,não
9412-GHEEC,macho,0,não,não,40,,fibra óptica,não,sim,sim,mês a mês,transferência bancária (automática),104.8,4131.95,sim
3482-ABPKK,fêmea,0,não,não,28,,dsl,sim,sim,não,um ano,cheque enviado,54.3,1546.3,não
6705-LXORM,fêmea,1,sim,não,5,,fibra óptica,não,não,não,mês a mês,cheque eletrônico,70.05,302.6,não
0257-ZESQC,fêmea,1,sim,não,27,,fibra óptica,sim,não,não,mês a mês,transferência bancária (automática),75.2,1929.35,sim
7531-GQHME,macho,0,não,não,12,,não,sem serviço de internet,sem serviço de internet,sem serviço de internet,mês a mês,cartão de crédito (automático),20.05,265.45,não
5174-ITUMV,macho,0,sim,sim,67,,fibra óptica,não,não,sim,um ano,cheque eletrônico,105.4,6989.45,não
4109-CYRBD,macho,1,sim,não,29,,dsl,não,não,não,mês a mês,cheque eletrônico,51.6,1442.0,não
0913-XWSCN,macho,0,sim,sim,55,,fibra óptica,não,não,não,mês a mês,transferência bancária (automática),85.5,4713.4,não
6825-UYPFK,fêmea,0,não,não,23,,fibra óptica,não,não,não,mês a mês,transferência bancária (automática),75.6,1758.6,sim
8397-MVTAZ,macho,0,sim,não,34,,fibra óptica,não,não,sim,mês a mês,cheque eletrônico,100.05,3480.0,sim
0750-EBAIU,macho,0,não,não,52,,fibra óptica,sim,não,sim,um ano,cheque eletrônico,91.25,4738.3,não
8606-CIQUL,macho,1,sim,sim,72,,fibra óptica,sim,sim,sim,dois anos,cartão de crédito (automático),115.75,8399.15,não
3571-DPYUH,macho,0,sim,sim,58,,fibra óptica,não,sim,sim,um ano,cartão de crédito (automático),94.7,5430.35,não
7601-GNDYK,macho,0,sim,sim,35,,não,sem serviço de internet,sem serviço de internet,sem serviço de internet,dois anos,cheque enviado,19.6,686.95,não
0356-OBMAC,fêmea,1,não,não,56,,fibra óptica,não,sim,sim,dois anos,transferência bancária (automática),99.9,5706.3,não
8067-NIOYM,fêmea,0,sim,sim,24,,não,sem serviço de internet,sem serviço de internet,sem serviço de internet,dois anos,cartão de crédito (automático),21.1,490.65,não
1403-GYAFU,macho,0,sim,sim,70,,não,sem serviço de internet,sem serviço de internet,sem serviço de internet,dois anos,cartão de crédito (automático),20.05,1360.25,não
4234-XTNEA,macho,0,não,não,2,,fibra óptica,não,não,sim,mês a mês,cheque eletrônico,79.95,174.45,não
1297-VQDRP,macho,1,sim,sim,68,,fibra óptica,não,sim,sim,um ano,cartão de crédito (automático),107.15,7379.8,não
9282-IZGQK,fêmea,0,não,não,1,,fibra óptica,não,não,não,mês a mês,cheque eletrônico,85.0,85.0,sim
5348-CAGXB,macho,0,não,não,12,,fibra óptica,não,não,sim,mês a mês,cheque eletrônico,89.55,1021.75,não
0621-HJWXJ,fêmea,0,sim,não,63,,fibra óptica,não,não,não,mês a mês,transferência bancária (automática),81.55,5029.05,não
5844-QVTAT,fêmea,0,sim,sim,33,,dsl,sim,não,não,um ano,cheque enviado,58.45,1955.4,não
8905-IAZPF,fêmea,0,sim,não,69,,fibra óptica,não,não,sim,um ano,cartão de crédito (automático),95.65,6744.2,não
5394-MEITZ,fêmea,0,sim,sim,60,,dsl,não,sim,sim,dois anos,transferência bancária (automática),80.6,4946.7,não
6859-QNXIQ,fêmea,0,sim,sim,72,,fibra óptica,sim,sim,sim,dois anos,transferência bancária (automática),113.1,8248.5,não
2782-LFZVW,fêmea,0,não,não,11,,dsl,não,não,não,mês a mês,cheque enviado,58.95,601.6,não
2866-IKBTM,fêmea,0,não,não,1,,não,sem serviço de internet,sem serviço de internet,sem serviço de internet,mês a mês,cheque enviado,19.55,19.55,não
1342-JPNKI,macho,0,não,não,10,,fibra óptica,não,não,sim,mês a mês,transferência bancária (automática),86.05,834.1,sim
2817-NTQDO,macho,0,não,não,13,,dsl,sim,sim,sim,mês a mês,cartão de crédito (automático),45.55,597.0,sim
7129-AZJDE,macho,0,sim,sim,34,,fibra óptica,não,não,não,um ano,transferência bancária (automática),78.95,2647.2,não
6986-IJDHX,macho,0,sim,sim,39,,fibra óptica,não,não,sim,mês a mês,cheque enviado,86.3,3266.0,sim
2560-PPCHE,fêmea,0,não,não,65,,fibra óptica,não,sim,sim,um ano,transferência bancária (automática),105.05,6744.25,não
4676-MQUEA,macho,1,sim,não,50,,fibra óptica,sim,não,sim,um ano,transferência bancária (automática),101.9,5265.5,não
8138-EALND,macho,0,não,não,15,,não,sem serviço de internet,sem serviço de internet,sem serviço de internet,mês a mês,cheque enviado,19.75,311.6,não
3580-HYCSP,macho,0,sim,sim,72,,fibra óptica,sim,não,sim,dois anos,transferência bancária (automática),110.3,7966.9,não
1352-HNSAW,fêmea,0,sim,sim,72,,fibra óptica,sim,sim,sim,dois anos,transferência bancária (automática),115.6,8220.4,não
2075-PUEPR,macho,0,sim,sim,55,,não,sem serviço de internet,sem serviço de internet,sem serviço de internet,dois anos,transferência bancária (automática),19.35,1153.25,não
1982-FEBTD,fêmea,0,sim,sim,23,,não,sem serviço de internet,sem serviço de internet,sem serviço de internet,dois anos,cartão de crédito (automático),25.6,514.75,não
5301-GAUUY,macho,0,não,não,32,,fibra óptica,não,não,não,mês a mês,transferência bancária (automática),80.35,2596.15,sim
5791-KAJFD,fêmea,0,sim,sim,56,,dsl,sim,não,não,um ano,transferência bancária (automática),68.75,3808.0,não
2654-VBVPB,fêmea,0,não,não,1,,não,sem serviço de internet,sem serviço de internet,sem serviço de internet,mês a mês,transferência bancária (automática),19.9,19.9,não
1154-HYWWO,macho,0,não,não,38,,dsl,sim,sim,sim,um ano,cheque enviado,70.6,2708.2,não
2501-XWWTZ,macho,0,não,não,11,,fibra óptica,não,não,não,mês a mês,cheque eletrônico,70.2,760.05,não
3716-UVSPD,macho,0,não,não,1,,dsl,não,sim,não,mês a mês,cheque eletrônico,49.3,49.3,não
6815-ABQFQ,macho,0,sim,não,56,,fibra óptica,não,sim,sim,um ano,cheque eletrônico,107.25,6033.3,não
7343-EOBEU,macho,0,sim,não,3,,não,sem serviço de internet,sem serviço de internet,sem serviço de internet,mês a mês,cheque enviado,23.6,89.05,não
3701-SFMUH,macho,0,sim,sim,7,,dsl,sim,não,sim,mês a mês,cartão de crédito (automático),69.7,516.15,não
6103-LIANB,macho,0,sim,sim,59,,fibra óptica,não,não,sim,dois anos,cartão de crédito (automático),99.5,5861.75,não
7319-VENRZ,macho,0,não,não,7,,dsl,não,sim,sim,mês a mês,transferência bancária (automática),64.3,445.95,não
5846-NEQVZ,macho,0,sim,sim,71,,dsl,sim,sim,não,dois anos,cartão de crédito (automático),70.85,4973.4,não
6967-QIQRV,macho,0,sim,sim,15,,fibra óptica,sim,sim,sim,um ano,cheque eletrônico,101.9,1667.25,não
5781-RFZRP,macho,0,sim,não,71,,dsl,sim,sim,sim,dois anos,cartão de crédito (automático),73.5,5357.75,não
0939-YAPAF,fêmea,0,não,não,35,,fibra óptica,não,não,sim,mês a mês,cheque eletrônico,100.25,3527.6,sim
0308-IVGOK,fêmea,0,não,não,11,,dsl,não,sim,não,um ano,cartão de crédito (automático),40.4,422.6,não
7293-LSCDV,fêmea,0,sim,sim,60,,não,sem serviço de internet,sem serviço de internet,sem serviço de internet,dois anos,cartão de crédito (automático),19.25,1103.25,não
7025-WCBNE,macho,1,não,não,47,,dsl,não,sim,não,dois anos,transferência bancária (automática),59.6,2754.0,não
5756-JYOJT,fêmea,0,não,não,11,,dsl,não,sim,não,um ano,cartão de crédito (automático),64.9,697.25,não
4710-FDUIZ,macho,0,sim,não,56,,fibra óptica,não,não,sim,um ano,cartão de crédito (automático),100.3,5614.45,sim
6030-REHUX,fêmea,1,sim,não,28,,fibra óptica,não,sim,sim,mês a mês,cheque eletrônico,110.85,3204.4,não
9548-LIGTA,macho,0,sim,não,61,,dsl,sim,sim,sim,dois anos,cheque enviado,81.05,4747.65,não
5150-LJNSR,macho,0,sim,sim,31,,fibra óptica,sim,não,sim,um ano,transferência bancária (automática),98.05,3082.1,não
8270-RKSAP,macho,0,não,não,9,,fibra óptica,não,não,não,mês a mês,cheque eletrônico,70.5,597.9,não
6522-YRBXD,macho,1,sim,não,35,,fibra óptica,sim,não,não,mês a mês,cheque eletrônico,94.55,3365.4,não
2640-LYMOV,macho,0,não,não,2,,não,sem serviço de internet,sem serviço de internet,sem serviço de internet,mês a mês,cheque enviado,19.65,38.8,não
1218-VKFPE,fêmea,0,sim,sim,12,,não,sem serviço de internet,sem serviço de internet,sem serviço de internet,mês a mês,cheque enviado,19.0,233.55,sim
3627-FHKBK,fêmea,0,não,não,1,,fibra óptica,sim,não,não,mês a mês,cheque enviado,75.3,75.3,sim
2865-TCHJW,fêmea,1,não,não,4,,fibra óptica,não,não,sim,mês a mês,cheque eletrônico,89.2,346.2,sim
1423-BMPBQ,fêmea,0,sim,sim,1,,não,sem serviço de internet,sem serviço de internet,sem serviço de internet,mês a mês,cheque enviado,19.0,19.0,não
2393-DIVAI,fêmea,0,não,não,3,,não,sem serviço de internet,sem serviço de internet,sem serviço de internet,mês a mês,cheque enviado,20.0,61.7,não
5192-EBGOV,fêmea,1,não,não,1,,fibra óptica,não,não,sim,mês a mês,cheque eletrônico,85.7,85.7,sim
4568-KNYWR,macho,0,não,não,52,,dsl,sim,não,sim,dois anos,cartão de crédito (automático),63.25,3342.45,não
8752-IMQOS,macho,0,sim,sim,5,,não,sem serviço de internet,sem serviço de internet,sem serviço de internet,um ano,cheque enviado,20.1,85.1,não
0742-LAFQK,macho,0,sim,não,72,,fibra óptica,sim,não,não,dois anos,cheque eletrônico,99.15,7422.1,não
0795-LAFGP,macho,0,sim,sim,71,,dsl,sim,sim,sim,dois anos,cheque eletrônico,90.4,6668.05,não
0619-OLYUR,macho,0,sim,não,72,,fibra óptica,sim,sim,sim,dois anos,cartão de crédito (automático),111.9,8071.05,não
5512-IDZEI,macho,0,sim,sim,46,,não,sem serviço de internet,sem serviço de internet,sem serviço de internet,um ano,cheque eletrônico,24.9,1174.8,não
0459-SPZHJ,macho,0,sim,sim,63,,dsl,sim,não,sim,dois anos,cartão de crédito (automático),83.5,5435.0,não
0215-BQKGS,macho,0,não,não,30,,fibra óptica,sim,não,não,mês a mês,cartão de crédito (automático),84.3,2438.6,não
9244-ZVAPM,macho,0,não,não,1,,dsl,não,não,não,mês a mês,cheque enviado,45.6,45.6,não
0719-SYFRB,fêmea,0,não,não,12,,dsl,sim,sim,não,mês a mês,cheque enviado,61.65,713.75,sim
8208-EUMTE,macho,0,não,não,16,,dsl,sim,sim,sim,dois anos,cheque enviado,54.85,916.15,não
5172-MIGPM,macho,0,não,não,4,,dsl,não,sim,não,mês a mês,cheque enviado,65.55,237.2,não
1710-RCXUS,macho,0,sim,não,51,,fibra óptica,não,não,não,um ano,cartão de crédito (automático),90.35,4614.55,não
0374-FIUCA,macho,0,sim,não,65,,não,sem serviço de internet,sem serviço de internet,sem serviço de internet,dois anos,cartão de crédito (automático),20.4,1414.45,não
5839-SUYVZ,macho,0,não,não,16,,fibra óptica,não,sim,não,mês a mês,cartão de crédito (automático),74.55,1170.5,não
5173-ZXXXL,macho,0,não,não,2,,não,sem serviço de internet,sem serviço de internet,sem serviço de internet,um ano,cheque enviado,19.95,47.7,não
1096-ADRUX,fêmea,0,sim,sim,66,,fibra óptica,não,não,não,um ano,transferência bancária (automática),74.25,4859.25,não
2001-MCUUW,macho,0,não,não,46,,fibra óptica,não,sim,sim,dois anos,cheque eletrônico,108.65,4903.2,não
2731-GJRDG,fêmea,0,não,não,32,,fibra óptica,sim,sim,sim,um ano,transferência bancária (automática),109.55,3608.0,não
4723-BEGSG,macho,0,sim,não,72,,dsl,sim,sim,sim,dois anos,cartão de crédito (automático),86.65,6094.25,não
6516-NKQBO,macho,0,sim,sim,38,,dsl,sim,sim,sim,dois anos,cartão de crédito (automático),81.0,3084.9,não
8672-OAUPW,macho,0,não,sim,51,,dsl,não,sim,não,um ano,cartão de crédito (automático),47.85,2356.75,não
8207-DMRVL,macho,0,sim,sim,72,,fibra óptica,sim,sim,sim,dois anos,transferência bancária (automática),114.55,8306.05,não
3419-SNJJD,fêmea,1,sim,não,65,,fibra óptica,sim,não,sim,mês a mês,transferência bancária (automática),105.25,6786.4,sim
6543-CPZMK,macho,0,sim,sim,9,,dsl,não,não,não,mês a mês,cheque eletrônico,29.95,248.95,sim
4765-OXPPD,fêmea,0,sim,sim,9,,dsl,sim,sim,não,mês a mês,cheque enviado,65.0,663.05,sim
2804-ETQDK,macho,0,não,sim,66,,não,sem serviço de internet,sem serviço de internet,sem serviço de internet,dois anos,cheque enviado,20.55,1357.1,não
6689-VRRTK,fêmea,1,não,não,44,,fibra óptica,sim,não,sim,um ano,cartão de crédito (automático),109.8,4860.35,não
7138-GIRSH,macho,0,não,não,50,,dsl,não,sim,não,dois anos,transferência bancária (automática),69.5,3418.2,não
9396-ZSFLL,fêmea,0,não,não,15,,dsl,não,não,não,mês a mês,cheque enviado,48.85,631.4,não
6464-KEXXH,macho,0,não,não,8,,dsl,não,não,não,mês a mês,cartão de crédito (automático),,186.3,não
7134-MJPDY,fêmea,1,não,não,66,,fibra óptica,não,sim,sim,um ano,cartão de crédito (automático),,6976.75,não
5240-CAOYT,fêmea,0,não,não,57,,fibra óptica,sim,sim,não,mês a mês,transferência bancária (automática),,4884.85,não
4059-IIEBK,fêmea,0,não,não,7,,fibra óptica,não,não,não,mês a mês,transferência bancária (automática),,522.95,não
4881-JVQOD,macho,1,sim,sim,10,,dsl,não,não,não,mês a mês,transferência bancária (automática),,362.6,não
0516-UXRMT,fêmea,0,não,não,62,,fibra óptica,sim,não,não,um ano,cheque eletrônico,,5755.8,não
4851-BQDNX,macho,0,sim,sim,40,,fibra óptica,não,não,sim,um ano,cheque eletrônico,,3355.65,não
5148-HKFIR,fêmea,0,não,não,20,,não,sem serviço de internet,sem serviço de internet,sem serviço de internet,dois anos,cheque enviado,,406.95,não
1009-IRMNA,fêmea,0,não,não,7,,não,sem serviço de internet,sem serviço de internet,sem serviço de internet,mês a mês,transferência bancária (automática),,137.6,sim
3003-CMDUU,fêmea,0,sim,não,25,,fibra óptica,não,sim,sim,mês a mês,cheque eletrônico,,2395.7,não
5016-IBERQ,macho,0,sim,não,23,,fibra óptica,não,não,não,mês a mês,cheque eletrônico,,1968.1,não
6797-UCJHZ,fêmea,1,sim,não,66,,fibra óptica,não,não,sim,um ano,cartão de crédito (automático),,6819.45,não
2469-DTSGX,fêmea,1,não,não,72,,fibra óptica,não,sim,sim,dois anos,cheque eletrônico,,7943.45,não
4554-YGZIH,macho,1,sim,não,49,,fibra óptica,não,não,não,mês a mês,cartão de crédito (automático),,4547.25,sim
5099-BAILX,macho,1,sim,sim,43,,fibra óptica,não,sim,sim,mês a mês,transferência bancária (automática),,4687.9,sim
9931-KGHOA,fêmea,0,sim,não,46,,dsl,sim,não,não,mês a mês,transferência bancária (automática),,2473.95,não
1775-KWJKQ,macho,0,sim,sim,72,,dsl,sim,sim,sim,dois anos,cartão de crédito (automático),,6562.9,não
7665-VIGUD,macho,0,não,não,10,,não,sem serviço de internet,sem serviço de internet,sem serviço de internet,um ano,cheque enviado,,176.3,não
9411-TPQQV,fêmea,0,não,não,40,,dsl,sim,sim,sim,um ano,transferência bancária (automática),,2236.2,não
7207-RMRDB,fêmea,0,sim,sim,65,,fibra óptica,não,não,sim,mês a mês,cheque eletrônico,,6985.65,sim
7954-MLBUN,macho,0,não,não,31,,fibra óptica,não,sim,sim,dois anos,transferência bancária (automática),99.45,3109.9,não
2077-DDHJK,fêmea,0,sim,não,68,,dsl,sim,sim,não,dois anos,cartão de crédito (automático),70.9,4911.35,não
4913-EHYUI,macho,1,sim,sim,56,,fibra óptica,sim,não,sim,um ano,transferência bancária (automática),104.55,5794.65,sim
0195-IESCP,macho,0,sim,não,10,,fibra óptica,não,não,não,mês a mês,cheque eletrônico,85.25,855.3,sim
9574-BOSMD,macho,0,sim,sim,68,,não,sem serviço de internet,sem serviço de internet,sem serviço de internet,dois anos,transferência bancária (automática),25.4,1620.2,não
4580-TMHJU,fêmea,0,sim,sim,43,,dsl,não,não,sim,mês a mês,cheque eletrônico,56.15,2499.3,sim
0970-ETWGE,macho,0,não,não,1,,fibra óptica,não,não,sim,mês a mês,cheque eletrônico,89.55,89.55,sim
4908-XAXAY,fêmea,1,não,não,49,,fibra óptica,não,não,não,um ano,transferência bancária (automática),89.85,4287.2,não
8404-VLQFB,fêmea,0,sim,sim,15,,não,sem serviço de internet,sem serviço de internet,sem serviço de internet,mês a mês,cheque eletrônico,25.25,394.85,não
1626-ERCMM,macho,1,sim,não,20,,fibra óptica,não,não,sim,mês a mês,cheque eletrônico,94.55,1899.65,sim
0887-HJGAR,macho,0,não,não,1,,dsl,não,não,não,mês a mês,cheque enviado,45.7,45.7,sim
2391-IPLOP,macho,0,sim,sim,50,,dsl,não,sim,sim,um ano,cheque eletrônico,69.65,3442.15,não
5644-PDMZC,fêmea,1,não,não,2,,fibra óptica,não,não,não,mês a mês,cheque eletrônico,89.5,161.5,sim
3509-GWQGF,macho,1,não,não,24,,fibra óptica,não,não,não,mês a mês,cartão de crédito (automático),70.0,1732.6,não
9576-ANLXO,fêmea,0,não,não,3,,fibra óptica,não,não,não,mês a mês,transferência bancária (automática),69.55,222.3,sim
2024-BASKD,fêmea,0,não,não,1,,fibra óptica,não,não,não,mês a mês,cheque enviado,74.6,74.6,sim
5845-BZZIB,macho,0,sim,sim,35,,não,sem serviço de internet,sem serviço de internet,sem serviço de internet,dois anos,cheque enviado,20.1,655.3,não
1140-UKVZG,fêmea,0,não,não,17,,não,sem serviço de internet,sem serviço de internet,sem serviço de internet,mês a mês,cheque enviado,24.8,475.25,não
4160-AMJTL,fêmea,1,não,não,8,,não,sem serviço de internet,sem serviço de internet,sem serviço de internet,mês a mês,cheque eletrônico,19.65,164.3,sim
5183-SNMJQ,macho,0,não,não,10,,fibra óptica,não,sim,sim,mês a mês,cartão de crédito (automático),95.1,865.1,não
8100-PNJMH,macho,0,sim,sim,68,,dsl,sim,sim,sim,dois anos,cartão de crédito (automático),88.85,6132.7,não
7838-LAZFO,macho,0,sim,não,45,,dsl,sim,não,sim,um ano,transferência bancária (automática),78.8,3597.5,não
4464-JCOLN,macho,0,sim,sim,2,,não,sem serviço de internet,sem serviço de internet,sem serviço de internet,um ano,cheque enviado,19.85,35.9,sim
2085-JVGAD,macho,0,sim,não,37,,não,sem serviço de internet,sem serviço de internet,sem serviço de internet,mês a mês,transferência bancária (automática),20.35,697.65,não
5650-VDUDS,fêmea,0,não,não,4,,dsl,não,não,não,mês a mês,cheque enviado,24.25,96.05,sim
8095-WANWK,fêmea,0,não,não,10,,dsl,não,não,não,mês a mês,cheque enviado,45.25,428.7,não
3030-ZKIWL,macho,0,não,não,1,,não,sem serviço de internet,sem serviço de internet,sem serviço de internet,mês a mês,cheque enviado,20.05,20.05,não
9565-FLVCG,macho,0,sim,sim,65,,dsl,sim,não,não,dois anos,cheque enviado,69.55,4459.15,não
8755-OGKNA,fêmea,0,sim,sim,57,,não,sem serviço de internet,sem serviço de internet,sem serviço de internet,dois anos,transferência bancária (automática),19.5,1167.6,não
2800-VEQXM,fêmea,0,não,não,3,,fibra óptica,não,não,não,mês a mês,cheque enviado,74.75,238.1,não
7538-GWHML,fêmea,0,não,não,2,,fibra óptica,não,não,não,mês a mês,cheque eletrônico,69.65,145.15,sim
5533-RJFTJ,macho,0,não,não,49,,dsl,não,não,não,mês a mês,transferência bancária (automática),30.2,1453.1,não
3859-CVCET,fêmea,0,não,não,4,,dsl,não,não,não,mês a mês,cheque enviado,45.65,191.05,sim
0214-JHPFW,fêmea,0,sim,não,70,,dsl,não,sim,sim,dois anos,transferência bancária (automática),57.8,4039.3,não
5642-MHDQT,fêmea,0,sim,sim,53,,não,sem serviço de internet,sem serviço de internet,sem serviço de internet,um ano,transferência bancária (automática),19.85,1039.45,não
3088-FVYWK,macho,0,sim,sim,53,,não,sem serviço de internet,sem serviço de internet,sem serviço de internet,dois anos,cartão de crédito (automático),25.55,1336.1,não
3276-HDUEG,fêmea,0,não,não,1,,fibra óptica,não,não,não,mês a mês,cheque enviado,75.05,75.05,sim
9092-GDZKO,macho,0,não,não,22,,não,sem serviço de internet,sem serviço de internet,sem serviço de internet,mês a mês,cartão de crédito (automático),24.85,493.4,não
0823-HSCDJ,macho,1,não,não,52,,dsl,não,não,sim,mês a mês,cheque eletrônico,49.15,2550.9,sim
3729-OWRVL,macho,1,não,não,65,,fibra óptica,sim,sim,sim,dois anos,cheque eletrônico,110.35,7246.15,não
2324-AALNO,fêmea,0,não,não,48,,não,sem serviço de internet,sem serviço de internet,sem serviço de internet,um ano,transferência bancária (automática),24.55,1203.95,não
0822-GAVAP,fêmea,0,não,não,2,,dsl,não,não,não,mês a mês,cheque eletrônico,34.7,62.25,sim
5760-IFJOZ,macho,0,não,não,3,,fibra óptica,não,não,sim,mês a mês,cheque enviado,107.95,313.6,não
2826-UWHIS,macho,0,sim,não,45,,fibra óptica,não,não,não,mês a mês,transferência bancária (automática),81.4,3775.85,não
1448-PWKYE,macho,0,sim,sim,1,,fibra óptica,não,não,não,mês a mês,cheque eletrônico,80.0,80.0,sim
7501-IWUNG,fêmea,0,sim,sim,61,,dsl,não,sim,sim,dois anos,transferência bancária (automática),,4616.05,não
4957-TREIR,macho,0,não,não,3,,dsl,sim,sim,sim,mês a mês,cartão de crédito (automático),,195.65,não
7251-LJBQN,fêmea,1,não,não,40,,fibra óptica,não,sim,sim,um ano,cartão de crédito (automático),,4188.4,não
8040-MNRTF,fêmea,0,não,não,1,,fibra óptica,não,não,não,mês a mês,cheque enviado,,71.1,não
1536-HBSWP,fêmea,0,não,não,1,,dsl,não,sim,não,mês a mês,cheque eletrônico,,49.9,não
5313-FPXWG,macho,0,não,não,51,,não,sem serviço de internet,sem serviço de internet,sem serviço de internet,um ano,transferência bancária (automática),,1266.4,não
0067-DKWBL,macho,1,não,não,2,,dsl,sim,não,não,mês a mês,cheque eletrônico,,91.1,sim
0946-FKYTX,macho,0,não,não,52,,dsl,não,não,não,um ano,cheque enviado,,1623.4,não
5076-YVXCM,macho,0,não,não,51,,fibra óptica,não,não,não,mês a mês,transferência bancária (automática),83.4,4149.45,não
8262-COGGB,macho,0,não,não,1,,não,sem serviço de internet,sem serviço de internet,sem serviço de internet,mês a mês,cheque enviado,20.45,20.45,não
6663-JOCQO,macho,0,sim,sim,31,,dsl,sim,sim,não,um ano,transferência bancária (automática),75.25,2344.5,não
9620-QJREV,macho,0,não,sim,47,,não,sem serviço de internet,sem serviço de internet,sem serviço de internet,um ano,cartão de crédito (automático),20.55,1013.05,não
2276-YDAVZ,fêmea,0,não,não,3,,fibra óptica,não,não,não,mês a mês,cartão de crédito (automático),75.1,270.7,sim
2682-KEVRP,fêmea,1,não,não,22,,não,sem serviço de internet,sem serviço de internet,sem serviço de internet,um ano,cheque enviado,20.05,417.0,não
2480-JZOSN,fêmea,0,sim,não,1,,não,sem serviço de internet,sem serviço de internet,sem serviço de internet,mês a mês,cheque enviado,20.65,20.65,não
0078-XZMHT,macho,0,sim,não,72,,dsl,não,sim,sim,dois anos,transferência bancária (automática),85.15,6316.2,não
5896-NPFWW,macho,0,sim,sim,3,,dsl,não,não,não,mês a mês,cheque eletrônico,50.15,168.15,sim
9978-HYCIN,macho,1,sim,sim,47,,fibra óptica,não,não,sim,um ano,transferência bancária (automática),84.95,4018.05,não
8338-QIUNR,macho,0,sim,sim,72,,dsl,sim,sim,não,dois anos,cartão de crédito (automático),66.5,4811.6,não
1525-LNLOJ,macho,0,sim,sim,66,,dsl,não,não,sim,dois anos,transferência bancária (automática),63.3,4189.7,não
9450-TRJUU,macho,0,não,não,35,,fibra óptica,não,não,sim,mês a mês,cheque eletrônico,83.15,2848.45,não
1766-GKNMI,macho,0,não,não,29,,fibra óptica,não,não,não,mês a mês,cheque eletrônico,84.9,2516.2,não
6942-LBFDP,fêmea,0,não,não,2,,não,sem serviço de internet,sem serviço de internet,sem serviço de internet,mês a mês,cheque enviado,20.55,33.6,não
1456-TWCGB,macho,0,não,não,4,,dsl,não,não,não,mês a mês,cheque enviado,49.25,208.45,não
7133-VBDCG,fêmea,0,não,não,25,,fibra óptica,sim,não,não,mês a mês,transferência bancária (automática),79.85,2015.35,sim
7596-ZYWBB,fêmea,0,não,não,65,,dsl,sim,sim,não,dois anos,cheque enviado,59.6,3739.8,não
8329-UTMVM,macho,1,não,não,27,,fibra óptica,não,sim,sim,um ano,transferência bancária (automática),104.65,2964.0,não
3014-WJKSM,macho,0,sim,não,29,,fibra óptica,não,não,não,mês a mês,cartão de crédito (automático),75.3,2263.4,não
3347-YJZZE,macho,0,sim,sim,29,,dsl,não,não,sim,mês a mês,cartão de crédito (automático),80.1,2211.8,não
1029-QFBEN,macho,0,não,não,1,,não,sem serviço de internet,sem serviço de internet,sem serviço de internet,mês a mês,cheque enviado,19.55,19.55,sim
7929-DMBCV,fêmea,0,sim,não,20,,fibra óptica,não,sim,não,mês a mês,cheque enviado,81.0,1683.7,não
9661-JALZV,fêmea,0,não,não,58,,não,sem serviço de internet,sem serviço de internet,sem serviço de internet,dois anos,cartão de crédito (automático),24.7,1519.0,não
5433-KYGHE,fêmea,0,não,sim,14,,fibra óptica,sim,sim,não,mês a mês,cheque enviado,86.0,1164.05,não
4312-KFRXN,macho,0,sim,não,72,,não,sem serviço de internet,sem serviço de internet,sem serviço de internet,dois anos,cheque enviado,25.4,1710.9,não
5575-TPIZQ,macho,0,não,não,46,,fibra óptica,sim,não,sim,mês a mês,cartão de crédito (automático),89.15,4245.55,não
0114-IGABW,fêmea,0,sim,não,71,,dsl,não,sim,sim,dois anos,transferência bancária (automática),58.25,4145.9,não
9944-AEXBM,macho,0,não,não,32,,fibra óptica,não,não,não,mês a mês,transferência bancária (automática),85.65,2664.3,não
1853-ARAAQ,fêmea,0,não,não,26,,dsl,não,não,sim,mês a mês,cartão de crédito (automático),50.35,1277.5,não
6952-OMNWB,macho,1,sim,não,68,,fibra óptica,não,não,não,mês a mês,cartão de crédito (automático),80.35,5589.3,não
4697-LUPSU,macho,0,sim,sim,2,,não,sem serviço de internet,sem serviço de internet,sem serviço de internet,um ano,cheque enviado,20.2,34.75,não
8434-VGEQQ,macho,0,sim,sim,61,,não,sem serviço de internet,sem serviço de internet,sem serviço de internet,dois anos,cartão de crédito (automático),20.55,1305.95,não
4952-YSOGZ,fêmea,0,sim,sim,4,,fibra óptica,não,não,não,mês a mês,cheque eletrônico,85.95,381.3,sim
1589-AGTLK,macho,0,não,não,3,,dsl,não,não,não,mês a mês,cheque eletrônico,45.35,141.5,sim
5244-IRFIH,macho,1,sim,não,33,,fibra óptica,não,não,sim,mês a mês,cheque eletrônico,94.5,3105.55,sim
6549-YMFAW,macho,1,sim,não,9,,não,sem serviço de internet,sem serviço de internet,sem serviço de internet,mês a mês,cheque enviado,21.25,204.55,não
4950-HKQTE,fêmea,0,não,não,22,,não,sem serviço de internet,sem serviço de internet,sem serviço de internet,dois anos,cheque enviado,26.25,605.9,não
6786-OBWQR,fêmea,0,sim,sim,5,,fibra óptica,não,não,sim,mês a mês,cheque eletrônico,80.85,356.1,não
2684-EIWEO,fêmea,1,não,não,30,,fibra óptica,sim,não,não,mês a mês,cartão de crédito (automático),91.7,2758.15,sim
2753-JMMCV,macho,0,não,não,65,,dsl,não,sim,não,dois anos,cartão de crédito (automático),74.2,4805.65,não
6439-GTPCA,fêmea,0,não,não,45,,fibra óptica,não,sim,não,mês a mês,cheque eletrônico,87.25,3941.7,sim
6621-YOBKI,macho,0,não,não,5,,não,sem serviço de internet,sem serviço de internet,sem serviço de internet,mês a mês,cheque enviado,20.35,92.75,não
1216-JWVUX,macho,0,sim,sim,25,,fibra óptica,não,não,não,mês a mês,cheque eletrônico,75.5,1901.05,não
7564-GHCVB,fêmea,0,sim,sim,72,,fibra óptica,sim,não,não,dois anos,transferência bancária (automática),79.05,5730.7,não
1173-NOEYG,fêmea,0,sim,não,27,,fibra óptica,não,não,não,mês a mês,transferência bancária (automática),90.15,2423.4,não
7595-EHCDL,macho,0,sim,sim,32,,dsl,não,não,sim,mês a mês,cartão de crédito (automático),50.6,1653.45,não
6647-ZEDXT,fêmea,0,não,não,30,,fibra óptica,não,sim,sim,um ano,cartão de crédito (automático),110.45,3327.05,não
2521-NPUZR,macho,0,sim,não,70,,fibra óptica,sim,sim,não,dois anos,cartão de crédito (automático),101.0,7085.5,não
1307-TVUFB,macho,1,não,não,42,,fibra óptica,não,não,não,mês a mês,transferência bancária (automática),79.35,3344.1,não
7503-MIOGA,fêmea,1,sim,não,72,,dsl,sim,sim,sim,dois anos,transferência bancária (automática),89.85,6697.35,não
4381-MHQDC,fêmea,0,não,não,47,,dsl,sim,sim,não,dois anos,cheque enviado,65.0,2879.9,não
6923-JHPMP,fêmea,0,não,não,2,,fibra óptica,sim,não,não,mês a mês,cheque eletrônico,80.45,137.1,não
5138-WVKYJ,macho,0,não,não,10,,fibra óptica,sim,não,sim,mês a mês,cheque eletrônico,98.55,1008.55,sim
4018-PPNDW,fêmea,0,sim,sim,61,,não,sem serviço de internet,sem serviço de internet,sem serviço de internet,dois anos,cheque enviado,24.1,1551.6,não
1635-FJFCC,fêmea,0,não,não,5,,dsl,não,não,não,mês a mês,cartão de crédito (automático),44.05,202.15,não
2499-AJYUA,fêmea,1,sim,não,72,,fibra óptica,não,sim,sim,dois anos,cartão de crédito (automático),110.8,7882.25,não
6919-ELBGL,macho,1,sim,sim,72,,fibra óptica,sim,sim,sim,dois anos,transferência bancária (automática),114.95,8196.4,não
3966-HRMZA,fêmea,1,não,não,3,,fibra óptica,não,não,não,mês a mês,cheque enviado,75.05,202.9,não
6425-JWTDV,macho,0,sim,não,48,,não,sem serviço de internet,sem serviço de internet,sem serviço de internet,dois anos,cheque enviado,19.25,855.1,não
8405-IGQFX,fêmea,0,não,não,63,,fibra óptica,não,sim,sim,um ano,cartão de crédito (automático),90.05,5817.0,não
8224-IVVPA,fêmea,0,não,não,27,,dsl,sim,não,não,mês a mês,cheque enviado,56.7,1652.95,não
9477-LGWQI,macho,0,sim,sim,70,,dsl,sim,não,sim,dois anos,cartão de crédito (automático),80.15,5600.15,não
1410-RSCMR,macho,0,sim,sim,7,,dsl,sim,sim,não,mês a mês,cartão de crédito (automático),71.35,515.75,não
3115-CZMZD,macho,0,não,sim,0,,não,sem serviço de internet,sem serviço de internet,sem serviço de internet,dois anos,cheque enviado,20.25,40.5,não
0139-IVFJG,fêmea,0,sim,não,2,,fibra óptica,sim,não,sim,mês a mês,cheque eletrônico,90.35,190.5,não
6683-VLCTZ,macho,1,não,não,20,,fibra óptica,não,não,sim,mês a mês,cheque eletrônico,98.55,1842.8,sim
5730-DBDSI,macho,0,não,não,66,,não,sem serviço de internet,sem serviço de internet,sem serviço de internet,dois anos,transferência bancária (automática),19.7,1253.8,não
0030-FNXPP,fêmea,0,não,não,3,,não,sem serviço de internet,sem serviço de internet,sem serviço de internet,mês a mês,cheque enviado,19.85,57.2,não
2189-WWOEW,fêmea,0,não,sim,15,,fibra óptica,não,não,não,mês a mês,transferência bancária (automática),85.9,1269.55,sim
5684-FJVYR,fêmea,0,sim,sim,72,,fibra óptica,sim,sim,não,dois anos,transferência bancária (automática),90.35,6563.4,não
4013-GUXND,macho,0,não,não,1,,não,sem serviço de internet,sem serviço de internet,sem serviço de internet,mês a mês,cheque enviado,20.8,20.8,não
1894-IGFSG,fêmea,0,não,não,22,,fibra óptica,não,não,sim,mês a mês,cheque eletrônico,89.25,1907.85,sim
7379-POKDZ,macho,0,sim,não,3,,fibra óptica,não,não,não,mês a mês,cheque eletrônico,70.3,208.85,sim
1266-NZYUI,fêmea,0,sim,sim,72,,dsl,sim,sim,não,dois anos,transferência bancária (automática),66.85,4758.8,não
7969-FFOWG,macho,0,sim,sim,65,,não,sem serviço de internet,sem serviço de internet,sem serviço de internet,dois anos,cheque enviado,19.9,1292.6,não
4718-DHSMV,fêmea,0,não,não,11,,dsl,não,não,sim,mês a mês,cheque enviado,35.8,363.15,não
5175-WLYXL,macho,0,não,não,22,,fibra óptica,não,não,não,mês a mês,cheque enviado,78.85,1600.25,não
7817-OMJNA,macho,0,não,não,14,,não,sem serviço de internet,sem serviço de internet,sem serviço de internet,um ano,transferência bancária (automática),20.4,275.7,não
8728-SKJLR,macho,0,não,não,41,,fibra óptica,não,sim,não,mês a mês,cheque eletrônico,74.25,3089.1,não
3137-NYQQI,macho,0,sim,não,17,,dsl,sim,não,não,um ano,cheque enviado,64.8,1175.6,não
7706-DZNKK,macho,0,não,não,11,,não,sem serviço de internet,sem serviço de internet,sem serviço de internet,mês a mês,cartão de crédito (automático),20.45,237.3,não
0236-HFWSV,macho,0,não,não,15,,fibra óptica,não,não,sim,mês a mês,cheque eletrônico,93.35,1444.65,sim
3900-AQPHZ,fêmea,0,não,não,1,,não,sem serviço de internet,sem serviço de internet,sem serviço de internet,mês a mês,cheque enviado,19.9,19.9,sim
5842-POCOP,fêmea,0,sim,não,5,,fibra óptica,sim,não,não,mês a mês,cheque enviado,88.9,454.15,sim
2037-XJFUP,macho,0,sim,não,33,,fibra óptica,não,não,sim,um ano,cheque eletrônico,95.8,3036.75,sim
8823-RLPWL,fêmea,0,sim,não,72,,fibra óptica,sim,não,sim,dois anos,cartão de crédito (automático),110.65,8065.65,não
9505-SQFSW,fêmea,0,sim,sim,3,,dsl,não,não,não,mês a mês,cheque enviado,40.3,92.5,não
7314-OXENN,macho,0,não,não,2,,fibra óptica,não,não,não,mês a mês,cheque eletrônico,82.0,184.65,sim
3758-CKOQL,fêmea,0,sim,não,59,,fibra óptica,sim,sim,não,um ano,cartão de crédito (automático),107.0,6152.3,não
0322-CHQRU,macho,0,não,não,2,,dsl,não,não,não,mês a mês,cheque eletrônico,45.35,89.5,sim
5676-CFLYY,macho,0,sim,sim,71,,dsl,não,sim,sim,dois anos,cartão de crédito (automático),73.35,5154.5,não
7521-AFHAB,fêmea,0,sim,sim,5,,dsl,não,não,não,mês a mês,cheque enviado,44.8,220.45,não
0285-INHLN,macho,0,sim,sim,27,,dsl,sim,não,não,mês a mês,cartão de crédito (automático),54.75,1510.3,não
4678-DVQEO,fêmea,0,não,não,1,,dsl,não,sim,não,mês a mês,cheque eletrônico,52.2,52.2,sim
5125-CNDSP,macho,0,não,sim,63,,dsl,sim,sim,não,um ano,transferência bancária (automática),40.6,2588.95,não
0691-IFBQW,fêmea,1,não,não,46,,fibra óptica,sim,não,sim,um ano,cheque eletrônico,110.0,4874.8,sim
4992-LTJNE,macho,0,sim,sim,72,,dsl,sim,não,não,dois anos,transferência bancária (automática),55.3,3983.6,não
2202-OUTMO,fêmea,0,sim,não,34,,dsl,sim,sim,não,mês a mês,transferência bancária (automática),60.85,2003.6,não
0810-BDHAW,fêmea,0,sim,sim,24,,dsl,sim,não,sim,um ano,cheque eletrônico,78.4,1832.4,não
0229-LFJAF,macho,0,não,não,72,,dsl,sim,sim,não,dois anos,transferência bancária (automática),69.65,4908.25,não
7131-ZQZNK,fêmea,0,sim,sim,60,,dsl,sim,sim,sim,dois anos,cartão de crédito (automático),59.85,3590.2,não
3442-ZHHCC,macho,0,não,não,68,,dsl,sim,não,não,um ano,cartão de crédito (automático),76.9,5023.0,não
5726-CVNYA,fêmea,0,sim,sim,8,,não,sem serviço de internet,sem serviço de internet,sem serviço de internet,dois anos,cheque enviado,19.85,146.6,não
9871-ELEYA,fêmea,0,não,sim,34,,dsl,sim,sim,sim,dois anos,cartão de crédito (automático),67.65,2339.3,não
4257-GAESD,fêmea,0,não,não,6,,dsl,não,não,sim,mês a mês,cartão de crédito (automático),45.0,298.7,não
5173-WXOQV,macho,0,sim,não,2,,dsl,não,sim,não,mês a mês,cheque enviado,64.2,143.65,não
2040-OBMLJ,macho,0,não,não,31,,fibra óptica,não,sim,não,um ano,cartão de crédito (automático),81.7,2548.65,não
6286-ZHAOK,fêmea,0,sim,sim,20,,não,sem serviço de internet,sem serviço de internet,sem serviço de internet,mês a mês,transferência bancária (automática),25.55,507.4,não
3807-XHCJH,fêmea,0,sim,sim,1,,não,sem serviço de internet,sem serviço de internet,sem serviço de internet,mês a mês,cheque eletrônico,20.0,20.0,não
3009-JWMPU,macho,0,não,não,62,,fibra óptica,não,não,sim,um ano,cheque eletrônico,96.75,6125.4,sim
5671-RQRLP,fêmea,1,sim,não,70,,fibra óptica,não,não,não,dois anos,cartão de crédito (automático),75.65,5411.4,não
1450-GALXR,fêmea,0,não,não,10,,fibra óptica,não,sim,sim,mês a mês,cheque eletrônico,98.5,1058.25,sim
8859-AXJZP,macho,0,sim,sim,39,,não,sem serviço de internet,sem serviço de internet,sem serviço de internet,dois anos,cheque enviado,23.8,903.8,não
3174-AKMAS,fêmea,0,sim,não,46,,dsl,não,sim,sim,dois anos,cartão de crédito (automático),64.2,3009.5,não
3138-BKYAV,macho,0,não,não,6,,fibra óptica,não,não,sim,mês a mês,cheque eletrônico,85.35,489.45,sim
9926-PJHDQ,fêmea,0,sim,sim,72,,dsl,não,não,sim,dois anos,transferência bancária (automática),76.8,5468.45,não
7382-DFJTU,macho,0,não,não,18,,dsl,não,sim,não,mês a mês,cartão de crédito (automático),55.2,1058.1,não
2798-NYLMZ,macho,0,sim,não,71,,fibra óptica,sim,sim,sim,dois anos,cartão de crédito (automático),108.55,7616.0,não
4289-DTDKW,macho,0,sim,não,40,,fibra óptica,não,não,sim,mês a mês,cheque eletrônico,101.3,4113.1,sim
1820-TQVEV,macho,0,não,não,1,,fibra óptica,não,não,não,mês a mês,cheque eletrônico,69.55,69.55,sim
2239-JALAW,macho,0,não,não,58,,fibra óptica,não,não,sim,um ano,transferência bancária (automática),103.25,6017.65,sim
4853-RULSV,macho,0,não,não,70,,fibra óptica,sim,sim,sim,dois anos,cartão de crédito (automático),104.0,7250.15,sim
8098-TDCBU,fêmea,0,sim,não,42,,não,sem serviço de internet,sem serviço de internet,sem serviço de internet,dois anos,cheque eletrônico,25.25,1108.2,não
3551-GAEGL,macho,0,sim,sim,34,,dsl,sim,não,não,um ano,transferência bancária (automática),30.4,938.65,não
4785-NKHCX,macho,1,não,não,5,,não,sem serviço de internet,sem serviço de internet,sem serviço de internet,mês a mês,transferência bancária (automática),20.05,94.15,não
3196-NVXLZ,fêmea,0,não,não,25,,fibra óptica,não,não,sim,mês a mês,cheque enviado,84.6,2088.05,não
6275-YDUVO,fêmea,0,não,não,2,,fibra óptica,não,não,não,mês a mês,cheque enviado,86.2,178.7,sim
0036-IHMOT,fêmea,0,sim,sim,55,,fibra óptica,não,sim,sim,um ano,transferência bancária (automática),103.7,5656.75,não
0115-TFERT,macho,0,sim,não,21,,fibra óptica,não,sim,sim,mês a mês,cheque eletrônico,111.2,2317.1,sim
4178-EGMON,macho,0,sim,não,70,,fibra óptica,sim,sim,não,dois anos,cartão de crédito (automático),88.0,5986.45,não
4220-TINQT,fêmea,0,sim,não,61,,fibra óptica,não,sim,sim,mês a mês,cheque eletrônico,106.35,6751.35,não
5318-YKDPV,macho,0,sim,sim,43,,dsl,sim,sim,sim,dois anos,cartão de crédito (automático),79.15,3566.6,não
7975-TZMLR,macho,0,não,não,47,,fibra óptica,não,não,sim,um ano,cheque eletrônico,103.1,4889.3,não
0295-QVKPB,macho,0,não,não,5,,dsl,não,sim,sim,mês a mês,cartão de crédito (automático),63.95,318.1,não
4335-BSMJS,fêmea,0,não,não,62,,não,sem serviço de internet,sem serviço de internet,sem serviço de internet,dois anos,cartão de crédito (automático),25.8,1563.95,não
2311-QYMUQ,fêmea,0,sim,sim,16,,fibra óptica,não,não,sim,mês a mês,cartão de crédito (automático),89.45,1430.25,sim
3643-AHCFP,macho,1,sim,não,7,,fibra óptica,não,não,sim,mês a mês,transferência bancária (automática),95.6,644.35,sim
9146-JRIOX,fêmea,0,sim,sim,14,,não,sem serviço de internet,sem serviço de internet,sem serviço de internet,mês a mês,cheque enviado,25.55,372.45,não
3104-OWCGK,macho,0,sim,sim,60,,fibra óptica,não,não,sim,um ano,cheque eletrônico,90.95,5453.4,sim
5337-IIWKZ,macho,0,sim,sim,34,,dsl,não,sim,sim,mês a mês,cheque eletrônico,44.85,1442.6,não
9101-BWFSS,fêmea,0,sim,não,50,,fibra óptica,sim,sim,sim,um ano,cheque eletrônico,108.55,5610.7,sim
9650-VBUOG,macho,0,sim,sim,38,,não,sem serviço de internet,sem serviço de internet,sem serviço de internet,dois anos,cartão de crédito (automático),25.05,963.95,não
3487-EARAT,fêmea,0,sim,sim,70,,dsl,sim,sim,não,um ano,cartão de crédito (automático),74.1,5222.3,não
2672-TGEFF,fêmea,0,sim,sim,37,,fibra óptica,não,não,sim,mês a mês,cheque eletrônico,88.8,3340.55,não
9231-ZJYAM,fêmea,1,não,não,4,,fibra óptica,não,não,sim,mês a mês,cheque eletrônico,78.85,292.8,sim
4250-WAROZ,macho,1,sim,sim,60,,fibra óptica,sim,não,não,mês a mês,cheque eletrônico,93.25,5774.55,não
8184-WMOFI,macho,0,sim,sim,62,,dsl,sim,sim,não,um ano,cartão de crédito (automático),71.4,4487.3,não
6982-SSHFK,macho,0,não,não,1,,dsl,não,não,não,mês a mês,cheque enviado,44.4,44.4,sim
6092-QZVPP,macho,0,não,não,36,,dsl,sim,sim,sim,mês a mês,cartão de crédito (automático),79.2,2854.95,não
4625-LAMOB,macho,0,não,não,44,,não,sem serviço de internet,sem serviço de internet,sem serviço de internet,dois anos,cartão de crédito (automático),20.4,905.55,não
0727-BMPLR,fêmea,1,não,não,55,,fibra óptica,não,não,sim,um ano,cheque eletrônico,100.0,5509.3,sim
0392-BZIUW,fêmea,0,sim,não,72,,fibra óptica,sim,não,sim,dois anos,cartão de crédito (automático),105.0,7589.8,não
1038-ZAGBI,fêmea,0,sim,sim,12,,não,sem serviço de internet,sem serviço de internet,sem serviço de internet,um ano,transferência bancária (automática),19.8,229.6,sim
6549-NNDYT,fêmea,0,não,não,13,,dsl,sim,não,não,mês a mês,transferência bancária (automática),30.85,394.1,não
3027-ZTDHO,macho,0,não,não,1,,fibra óptica,não,não,sim,mês a mês,cheque eletrônico,89.9,89.9,sim
0422-OHQHQ,fêmea,0,sim,sim,15,,não,sem serviço de internet,sem serviço de internet,sem serviço de internet,um ano,cheque enviado,20.55,295.95,não
6916-HIJSE,fêmea,0,não,não,65,,dsl,sim,sim,sim,dois anos,transferência bancária (automática),84.85,5459.2,não
2316-ESMLS,fêmea,0,sim,sim,12,,dsl,sim,sim,não,um ano,cartão de crédito (automático),33.15,444.75,não
9778-OGKQZ,macho,0,sim,não,72,,dsl,sim,sim,sim,dois anos,cartão de crédito (automático),92.0,6782.15,não
7408-OFWXJ,fêmea,0,sim,sim,72,,dsl,sim,sim,sim,dois anos,cartão de crédito (automático),89.8,6510.45,não
6007-TCTST,fêmea,0,sim,sim,72,,fibra óptica,sim,sim,sim,dois anos,transferência bancária (automática),115.8,8476.5,não
2252-NKNSI,macho,0,não,sim,52,,dsl,sim,sim,sim,dois anos,cheque enviado,85.15,4461.85,não
8713-IGZSO,macho,0,não,não,2,,não,sem serviço de internet,sem serviço de internet,sem serviço de internet,mês a mês,cheque enviado,24.85,62.0,não
7905-TVXTA,fêmea,0,não,não,5,,dsl,sim,sim,sim,mês a mês,cheque eletrônico,64.35,352.65,não
7695-PKLCZ,fêmea,0,não,não,68,,não,sem serviço de internet,sem serviço de internet,sem serviço de internet,dois anos,cartão de crédito (automático),20.5,1424.9,não
2382-BCKQJ,fêmea,0,não,sim,62,,fibra óptica,não,não,sim,um ano,cheque eletrônico,100.15,6413.65,sim
8374-UULRV,macho,0,não,não,72,,dsl,sim,sim,sim,dois anos,cartão de crédito (automático),86.05,6309.65,não
2207-NHRJK,macho,0,não,não,1,,dsl,não,não,não,mês a mês,cheque eletrônico,50.8,50.8,sim
3224-DFQNQ,fêmea,0,sim,não,66,,fibra óptica,sim,sim,não,um ano,cheque eletrônico,89.0,5898.6,não
5275-PMFUT,macho,0,sim,sim,72,,dsl,sim,sim,sim,dois anos,cartão de crédito (automático),64.8,4719.75,não
4795-UXVCJ,macho,0,não,não,26,,não,sem serviço de internet,sem serviço de internet,sem serviço de internet,um ano,cartão de crédito (automático),19.8,457.3,não
9777-IQHWP,macho,0,sim,sim,64,,fibra óptica,sim,não,não,dois anos,transferência bancária (automática),93.4,5822.3,não
0947-MUGVO,macho,1,sim,não,20,,fibra óptica,não,não,não,mês a mês,cheque eletrônico,73.65,1463.5,sim
9944-HKVVB,fêmea,0,não,não,3,,fibra óptica,não,não,sim,mês a mês,cheque eletrônico,95.1,307.4,sim
4124-MMETB,macho,0,não,não,22,,fibra óptica,não,não,sim,mês a mês,cartão de crédito (automático),94.65,2104.55,sim
3671-SHRSP,macho,0,sim,não,4,,fibra óptica,não,sim,não,mês a mês,cheque enviado,80.6,319.15,sim
0979-MOZQI,macho,0,sim,não,62,,dsl,não,sim,sim,dois anos,transferência bancária (automática),39.0,2337.45,não
2732-ISEZX,fêmea,0,não,não,5,,não,sem serviço de internet,sem serviço de internet,sem serviço de internet,mês a mês,cheque enviado,20.5,104.3,não
3313-QKNKB,macho,0,sim,não,59,,fibra óptica,não,não,não,um ano,cheque eletrônico,85.55,5084.65,sim
0323-XWWTN,macho,0,não,sim,3,,não,sem serviço de internet,sem serviço de internet,sem serviço de internet,dois anos,cheque enviado,26.4,121.25,não
1937-OTUKY,fêmea,0,sim,não,72,,fibra óptica,sim,sim,sim,dois anos,transferência bancária (automática),98.2,7015.9,não
1573-LGXBA,macho,0,sim,sim,57,,fibra óptica,não,não,sim,um ano,cartão de crédito (automático),97.55,5598.0,não
1764-VUUMT,macho,0,não,sim,66,,não,sem serviço de internet,sem serviço de internet,sem serviço de internet,dois anos,cartão de crédito (automático),19.95,1269.1,não
5073-WXOYN,fêmea,0,não,não,60,,dsl,não,não,sim,mês a mês,cheque eletrônico,50.8,3027.4,sim
4713-ZBURT,macho,0,não,sim,45,,fibra óptica,não,não,sim,dois anos,transferência bancária (automática),99.7,4634.35,não
3050-GBUSH,fêmea,0,não,não,3,,dsl,não,não,sim,mês a mês,cartão de crédito (automático),34.8,113.95,não
0207-MDKNV,fêmea,0,não,não,15,,fibra óptica,sim,sim,sim,mês a mês,cheque eletrônico,105.1,1582.75,sim
7876-AEHIG,fêmea,0,não,sim,51,,dsl,sim,sim,sim,um ano,transferência bancária (automática),60.15,3077.0,não
7945-HLKEA,fêmea,0,não,não,60,,dsl,sim,sim,não,um ano,cheque eletrônico,64.75,4039.5,não
9342-VNIMQ,macho,0,não,não,33,,dsl,não,não,não,mês a mês,transferência bancária (automática),54.65,1665.2,não
9851-KIELU,macho,0,não,não,10,,fibra óptica,sim,sim,sim,mês a mês,cheque eletrônico,110.1,1043.3,sim
3523-BRGUW,macho,1,não,não,26,,não,sem serviço de internet,sem serviço de internet,sem serviço de internet,um ano,cartão de crédito (automático),19.3,504.2,não
3908-BLSYF,fêmea,0,não,não,6,,fibra óptica,não,não,não,mês a mês,cheque eletrônico,83.9,497.55,sim
3199-NPKCN,fêmea,0,sim,não,67,,fibra óptica,sim,sim,sim,um ano,cheque eletrônico,111.25,7511.65,não
5170-PTRKA,fêmea,0,sim,sim,49,,dsl,sim,sim,não,um ano,cartão de crédito (automático),35.8,1782.0,não
4661-NJEUX,macho,0,não,não,1,,não,sem serviço de internet,sem serviço de internet,sem serviço de internet,mês a mês,cheque enviado,20.05,20.05,não
2123-AGEEN,fêmea,1,não,não,7,,fibra óptica,não,não,sim,mês a mês,cheque eletrônico,84.35,609.65,não
1258-YMZNM,fêmea,1,não,não,27,,fibra óptica,sim,não,sim,um ano,transferência bancária (automática),110.5,2857.6,não
0048-LUMLS,macho,0,sim,sim,37,,fibra óptica,não,não,sim,um ano,cartão de crédito (automático),91.2,3247.55,não
7549-MYGPK,fêmea,0,sim,sim,63,,fibra óptica,sim,não,sim,mês a mês,cheque eletrônico,100.55,6215.35,sim
5898-IGSLP,macho,0,sim,sim,31,,fibra óptica,sim,sim,não,mês a mês,cheque eletrônico,89.3,2823.0,não
3804-RVTGV,macho,0,sim,sim,50,,fibra óptica,não,não,sim,mês a mês,transferência bancária (automática),103.85,5017.9,sim
6259-WJQLC,macho,1,não,não,32,,fibra óptica,não,não,não,mês a mês,cartão de crédito (automático),81.1,2619.25,não
9227-LUNBG,fêmea,0,não,não,1,,dsl,não,não,não,mês a mês,cheque eletrônico,24.6,24.6,sim
7997-EASSD,fêmea,0,sim,não,63,,fibra óptica,não,sim,não,um ano,cartão de crédito (automático),81.2,4965.1,não
0730-KOAVE,macho,0,não,não,30,,fibra óptica,sim,não,não,mês a mês,cartão de crédito (automático),94.3,2679.7,não
8975-SKGRX,macho,0,sim,não,71,,fibra óptica,sim,sim,sim,dois anos,transferência bancária (automática),116.1,8310.55,não
0678-RLHVP,fêmea,0,não,não,53,,fibra óptica,não,não,sim,dois anos,cheque eletrônico,105.55,5682.25,não
4315-MURBD,fêmea,0,não,não,12,,fibra óptica,sim,sim,sim,mês a mês,transferência bancária (automática),98.9,1120.95,sim
2267-FPIMA,macho,0,sim,não,50,,fibra óptica,sim,não,não,mês a mês,cartão de crédito (automático),94.4,4914.9,não
1051-GEJLJ,fêmea,0,não,não,2,,não,sem serviço de internet,sem serviço de internet,sem serviço de internet,mês a mês,cheque enviado,19.5,27.55,não
9734-YWGEX,fêmea,0,não,não,9,,fibra óptica,não,não,sim,mês a mês,cartão de crédito (automático),98.3,923.5,sim
2719-BDAQO,macho,0,não,não,17,,fibra óptica,sim,não,sim,mês a mês,cheque eletrônico,93.85,1625.65,sim
5285-MVEHD,fêmea,0,sim,não,56,,fibra óptica,sim,não,sim,um ano,cartão de crédito (automático),105.6,6068.65,não
0379-DJQHR,macho,0,sim,sim,67,,dsl,sim,não,sim,dois anos,cartão de crédito (automático),81.35,5398.6,não
0781-LKXBR,macho,1,não,não,9,,fibra óptica,não,não,sim,mês a mês,cheque eletrônico,100.5,918.6,sim
5543-QDCRY,macho,0,não,não,4,,dsl,não,não,sim,mês a mês,cheque eletrônico,56.4,234.85,não
0297-RBCSG,macho,0,não,não,19,,dsl,não,sim,não,um ano,transferência bancária (automática),65.35,1231.85,não
4694-PHWFW,fêmea,0,não,sim,8,,não,sem serviço de internet,sem serviço de internet,sem serviço de internet,mês a mês,cheque enviado,19.95,170.9,não
0835-JKADZ,fêmea,0,não,não,71,,fibra óptica,não,sim,sim,dois anos,cheque eletrônico,111.25,7984.15,não
1907-UBQFC,macho,1,não,não,10,,fibra óptica,não,não,não,mês a mês,cheque eletrônico,72.85,688.65,sim
7508-SMHXL,fêmea,1,não,não,15,,fibra óptica,não,não,sim,mês a mês,cartão de crédito (automático),89.0,1288.3,não
3865-YIOTT,macho,0,sim,sim,72,,fibra óptica,sim,não,sim,um ano,transferência bancária (automática),106.1,7848.5,não
5993-BQHEA,macho,0,não,não,12,,não,sem serviço de internet,sem serviço de internet,sem serviço de internet,um ano,cartão de crédito (automático),20.05,267.0,não
6024-RUGGH,macho,0,sim,sim,72,,não,sem serviço de internet,sem serviço de internet,sem serviço de internet,dois anos,transferência bancária (automática),25.2,1798.9,não
6513-EECDB,macho,1,sim,não,1,,fibra óptica,não,não,não,mês a mês,cheque eletrônico,73.55,73.55,sim
3956-CJUST,fêmea,1,não,não,23,,fibra óptica,sim,não,não,mês a mês,transferência bancária (automática),75.4,1643.55,não
4079-WWQQQ,macho,0,não,não,72,,dsl,sim,sim,sim,dois anos,transferência bancária (automática),65.55,4807.45,não
6103-BOCOU,fêmea,0,não,não,26,,fibra óptica,não,não,não,mês a mês,cheque eletrônico,80.7,2193.0,não
5149-TGWDZ,fêmea,0,não,não,21,,fibra óptica,não,sim,sim,um ano,cheque enviado,104.55,2239.4,não
7471-WNSUF,macho,0,sim,não,60,,não,sem serviço de internet,sem serviço de internet,sem serviço de internet,um ano,transferência bancária (automática),24.15,1505.9,não
8942-DBMHZ,macho,0,não,não,12,,não,sem serviço de internet,sem serviço de internet,sem serviço de internet,mês a mês,cheque enviado,20.45,255.35,não
4301-VVZKA,macho,0,sim,não,16,,fibra óptica,não,não,não,mês a mês,cheque eletrônico,75.4,1189.4,não
9199-PWQVC,fêmea,0,sim,não,63,,dsl,sim,não,sim,um ano,cartão de crédito (automático),79.7,4786.15,não
4824-GUCBY,fêmea,1,não,não,22,,fibra óptica,sim,não,não,mês a mês,cheque eletrônico,81.7,1820.9,não
5393-HJZSM,fêmea,0,sim,sim,32,,dsl,sim,sim,não,mês a mês,transferência bancária (automática),76.3,2404.15,não
7074-IEVOJ,fêmea,1,não,não,3,,fibra óptica,não,não,não,mês a mês,cheque eletrônico,79.4,205.05,sim
9625-QSTYE,fêmea,0,não,não,13,,fibra óptica,não,não,não,mês a mês,cheque eletrônico,81.15,952.3,sim
0862-PRCBS,fêmea,0,sim,sim,68,,fibra óptica,não,sim,sim,dois anos,cartão de crédito (automático),103.75,7039.45,não
8812-ZRHFP,fêmea,0,sim,sim,30,,fibra óptica,não,não,não,um ano,cheque eletrônico,86.45,2538.05,não
5146-CBVOE,fêmea,0,não,não,16,,fibra óptica,não,não,não,mês a mês,transferência bancária (automática),75.1,1212.85,não
0454-OKRCT,macho,0,não,não,33,,fibra óptica,não,sim,não,dois anos,transferência bancária (automática),80.6,2651.1,não
5787-KXGIY,macho,0,sim,não,72,,não,sem serviço de internet,sem serviço de internet,sem serviço de internet,dois anos,cartão de crédito (automático),19.3,1304.8,não
4750-ZRXIU,fêmea,1,não,não,4,,fibra óptica,não,não,não,mês a mês,cheque eletrônico,84.6,360.1,sim
4198-VFOEA,fêmea,0,não,não,12,,dsl,sim,sim,não,um ano,cheque enviado,33.6,435.45,não
6630-UJZMY,fêmea,1,sim,não,4,,fibra óptica,não,não,sim,mês a mês,cheque eletrônico,83.25,308.05,não
5709-LVOEQ,fêmea,0,sim,sim,0,,dsl,sim,não,sim,dois anos,cheque enviado,80.85,80.85,não
6400-BWQKW,fêmea,0,não,não,6,,fibra óptica,sim,não,não,mês a mês,cheque eletrônico,79.05,434.5,sim
2692-AQCPF,fêmea,0,sim,não,65,,fibra óptica,não,sim,sim,um ano,cartão de crédito (automático),108.05,7118.9,não
0347-UBKUZ,fêmea,0,não,não,15,,não,sem serviço de internet,sem serviço de internet,sem serviço de internet,mês a mês,cheque enviado,19.9,320.45,não
0835-DUUIQ,fêmea,0,não,sim,24,,não,sem serviço de internet,sem serviço de internet,sem serviço de internet,um ano,transferência bancária (automática),21.05,531.55,não
0811-GSDTP,fêmea,0,não,sim,13,,dsl,não,não,não,mês a mês,cheque eletrônico,30.15,382.2,não
7567-ECMCM,macho,0,não,não,24,,fibra óptica,não,não,não,mês a mês,cartão de crédito (automático),79.85,2001.0,não
6115-ZTBFQ,fêmea,0,sim,não,72,,dsl,sim,sim,sim,dois anos,transferência bancária (automática),65.5,4919.7,não
6353-BRMMA,fêmea,0,sim,sim,54,,fibra óptica,sim,não,sim,mês a mês,transferência bancária (automática),104.1,5645.8,não
6680-WKXRZ,fêmea,0,não,não,3,,fibra óptica,não,não,não,mês a mês,transferência bancária (automática),74.4,215.8,sim
6231-WFGFH,macho,0,sim,sim,4,,não,sem serviço de internet,sem serviço de internet,sem serviço de internet,mês a mês,cheque enviado,20.5,77.6,não
9904-EHEVJ,fêmea,1,sim,sim,32,,fibra óptica,não,não,sim,mês a mês,cheque enviado,91.35,2896.55,não
7028-DVOIQ,macho,1,não,não,35,,fibra óptica,não,não,sim,mês a mês,cheque eletrônico,99.05,3395.8,sim
6169-PPETC,macho,0,sim,sim,35,,não,sem serviço de internet,sem serviço de internet,sem serviço de internet,dois anos,transferência bancária (automática),20.5,759.35,não
4208-UFFGW,macho,1,não,não,2,,dsl,não,não,não,mês a mês,cheque enviado,44.95,85.15,sim
8584-KMVXD,fêmea,0,não,não,8,,fibra óptica,não,não,não,mês a mês,cheque eletrônico,75.6,535.55,não
8467-WYNSR,macho,0,não,não,22,,dsl,sim,sim,não,mês a mês,cheque enviado,55.1,1253.15,não
0851-DFJKB,fêmea,0,não,não,15,,dsl,sim,sim,não,mês a mês,cheque eletrônico,58.95,955.15,não
5382-SOYZL,macho,0,não,não,22,,fibra óptica,não,não,sim,mês a mês,cheque eletrônico,95.1,2162.6,não
9448-REEVD,macho,0,sim,não,1,,dsl,não,não,não,mês a mês,cartão de crédito (automático),44.7,44.7,sim
3261-CQXOL,fêmea,0,sim,sim,71,,não,sem serviço de internet,sem serviço de internet,sem serviço de internet,dois anos,transferência bancária (automática),25.45,1813.35,não
8388-FYNPZ,macho,0,não,não,4,,dsl,sim,não,não,mês a mês,cheque eletrônico,56.75,245.15,não
4002-BQWPQ,macho,0,não,não,25,,dsl,sim,sim,não,mês a mês,transferência bancária (automática),81.75,2028.8,não
5651-YLPRD,fêmea,0,sim,sim,32,,fibra óptica,não,não,sim,mês a mês,cheque eletrônico,86.1,2723.75,não
2826-DXLQO,macho,1,sim,não,7,,dsl,sim,não,não,mês a mês,transferência bancária (automática),29.8,220.45,não
4378-BZYFP,macho,0,não,não,17,,não,sem serviço de internet,sem serviço de internet,sem serviço de internet,um ano,cheque enviado,20.5,365.8,não
9489-UTFKA,macho,1,sim,não,8,,dsl,sim,não,sim,mês a mês,transferência bancária (automática),60.9,551.95,não
4849-PYRLQ,fêmea,1,não,não,56,,dsl,sim,sim,não,dois anos,transferência bancária (automática),73.25,4054.2,não
9117-SHLZX,macho,0,não,não,1,,dsl,não,não,não,mês a mês,cheque enviado,45.7,45.7,sim
9889-TMAHG,macho,1,não,não,8,,fibra óptica,sim,sim,sim,mês a mês,cartão de crédito (automático),100.3,832.35,sim
4541-RMRLG,macho,0,não,não,7,,não,sem serviço de internet,sem serviço de internet,sem serviço de internet,mês a mês,cheque eletrônico,19.25,112.3,sim
7764-BDPEE,macho,0,não,sim,3,,não,sem serviço de internet,sem serviço de internet,sem serviço de internet,mês a mês,cheque enviado,20.85,60.65,não
3429-IFLEM,fêmea,0,não,não,71,,dsl,sim,sim,sim,dois anos,cartão de crédito (automático),77.35,5550.1,não
3158-MOERK,fêmea,0,não,não,2,,fibra óptica,não,não,sim,mês a mês,cheque eletrônico,96.0,174.8,sim
7294-TMAOP,fêmea,0,não,não,1,,fibra óptica,não,não,sim,mês a mês,cheque eletrônico,90.55,90.55,sim
5002-GCQFH,macho,0,sim,não,49,,fibra óptica,sim,não,sim,mês a mês,transferência bancária (automática),93.85,4733.1,não
0556-FJEGU,macho,0,não,não,58,,dsl,não,sim,sim,dois anos,transferência bancária (automática),70.1,4048.95,não
8919-FYFQZ,macho,1,sim,não,44,,dsl,não,não,não,mês a mês,cheque eletrônico,30.35,1359.7,sim
0604-THJFP,fêmea,0,sim,sim,59,,dsl,não,sim,sim,dois anos,cartão de crédito (automático),75.95,4542.35,não
2834-JRTUA,macho,0,não,não,71,,fibra óptica,sim,sim,sim,dois anos,cheque eletrônico,108.05,7532.15,sim
5875-YPQFJ,macho,0,não,não,1,,fibra óptica,não,não,não,mês a mês,cheque eletrônico,69.9,69.9,sim
5879-SESNB,fêmea,0,não,não,11,,fibra óptica,não,não,não,mês a mês,cheque eletrônico,75.25,888.65,não
6646-QVXLR,macho,1,sim,não,62,,fibra óptica,não,não,sim,um ano,cheque eletrônico,103.75,6383.35,sim
6461-PPAXN,fêmea,0,sim,sim,35,,dsl,sim,sim,não,um ano,transferência bancária (automática),54.95,1916.0,não
3318-ISQFQ,fêmea,0,não,não,20,,não,sem serviço de internet,sem serviço de internet,sem serviço de internet,mês a mês,transferência bancária (automática),19.5,413.0,não
1106-HRLKZ,macho,0,sim,sim,40,,não,sem serviço de internet,sem serviço de internet,sem serviço de internet,dois anos,cheque enviado,19.6,808.95,não
2483-XSSMZ,fêmea,0,não,não,39,,dsl,sim,não,não,um ano,cheque eletrônico,47.85,1886.4,não
8603-IJWDN,macho,0,não,não,1,,fibra óptica,não,não,não,mês a mês,cheque eletrônico,86.6,86.6,sim
8165-ZJRNM,fêmea,0,sim,sim,72,,não,sem serviço de internet,sem serviço de internet,sem serviço de internet,dois anos,transferência bancária (automática),23.75,1679.25,não
9369-XFEHK,fêmea,1,sim,não,33,,fibra óptica,não,não,não,mês a mês,transferência bancária (automática),80.6,2656.5,sim
2604-XVDAM,fêmea,0,não,não,12,,dsl,não,não,não,mês a mês,transferência bancária (automática),43.8,540.95,não
3717-OFRTN,macho,0,não,não,1,,não,sem serviço de internet,sem serviço de internet,sem serviço de internet,mês a mês,transferência bancária (automática),19.75,19.75,não
9046-JBFWA,macho,0,não,sim,27,,não,sem serviço de internet,sem serviço de internet,sem serviço de internet,mês a mês,cheque enviado,19.15,537.35,não
3280-NMUVX,macho,0,sim,sim,34,,não,sem serviço de internet,sem serviço de internet,sem serviço de internet,um ano,cartão de crédito (automático),19.6,678.8,não
1206-EHBDD,fêmea,0,sim,não,56,,fibra óptica,sim,não,não,dois anos,transferência bancária (automática),80.3,4513.65,não
8361-LBRDI,fêmea,0,não,não,58,,não,sem serviço de internet,sem serviço de internet,sem serviço de internet,dois anos,cartão de crédito (automático),24.35,1423.85,não
4883-KCPZJ,fêmea,0,sim,sim,22,,não,sem serviço de internet,sem serviço de internet,sem serviço de internet,dois anos,cartão de crédito (automático),25.25,555.4,não
9108-EQPNQ,fêmea,0,sim,sim,10,,não,sem serviço de internet,sem serviço de internet,sem serviço de internet,dois anos,cartão de crédito (automático),26.1,225.55,não
7277-KAMWT,macho,0,não,não,13,,não,sem serviço de internet,sem serviço de internet,sem serviço de internet,dois anos,cartão de crédito (automático),20.0,268.45,não
3842-IYKUE,fêmea,0,não,não,35,,fibra óptica,não,sim,não,mês a mês,cartão de crédito (automático),85.3,2917.5,sim
6641-XRPSU,fêmea,0,não,não,34,,fibra óptica,não,não,não,mês a mês,cartão de crédito (automático),70.0,2416.1,sim
1374-DMZUI,fêmea,1,não,não,4,,fibra óptica,não,não,sim,mês a mês,cheque eletrônico,94.3,424.45,sim
2545-LXYVJ,macho,0,sim,não,72,,não,sem serviço de internet,sem serviço de internet,sem serviço de internet,dois anos,transferência bancária (automática),20.7,1492.1,não
3234-VKACU,macho,0,não,não,2,,dsl,não,sim,sim,mês a mês,cheque eletrônico,70.3,132.4,não
8357-EQXFO,fêmea,0,não,não,7,,fibra óptica,não,não,sim,mês a mês,cheque eletrônico,95.35,660.9,sim
1989-PRJHP,macho,1,sim,não,27,,fibra óptica,não,não,não,mês a mês,cheque eletrônico,75.5,1893.95,sim
8120-JDCAM,macho,0,sim,sim,4,,fibra óptica,não,não,não,mês a mês,cheque enviado,69.55,284.9,não
8917-FAEMR,fêmea,0,não,não,37,,não,sem serviço de internet,sem serviço de internet,sem serviço de internet,dois anos,cheque enviado,19.85,784.25,não
7047-YXDMZ,macho,0,não,não,21,,não,sem serviço de internet,sem serviço de internet,sem serviço de internet,mês a mês,cheque enviado,20.0,417.7,não
2858-EIMXH,fêmea,1,sim,não,53,,fibra óptica,não,não,sim,um ano,cartão de crédito (automático),95.85,5016.25,não
9524-EGPJC,fêmea,0,não,não,18,,fibra óptica,não,sim,não,mês a mês,cheque eletrônico,90.1,1612.75,sim
6993-OHLXR,fêmea,0,não,não,2,,fibra óptica,não,não,não,mês a mês,cheque eletrônico,68.95,119.75,sim
8818-XYFCQ,macho,0,sim,sim,32,,fibra óptica,sim,não,sim,mês a mês,cartão de crédito (automático),99.55,3204.65,sim
6419-ZTTLE,macho,1,sim,não,23,,não,sem serviço de internet,sem serviço de internet,sem serviço de internet,um ano,cheque eletrônico,20.75,485.2,não
0929-HYQEW,macho,0,não,não,3,,dsl,sim,não,não,mês a mês,cheque enviado,50.15,160.85,não
6614-YOLAC,fêmea,0,sim,sim,71,,dsl,sim,sim,sim,dois anos,cheque enviado,58.65,4145.25,não
7426-RHZGU,macho,0,não,não,9,,fibra óptica,não,sim,sim,mês a mês,transferência bancária (automática),95.9,827.45,não
4065-JJAVA,fêmea,0,não,não,1,,dsl,não,não,não,mês a mês,cheque eletrônico,49.5,49.5,não
4695-VADHF,macho,0,sim,sim,18,,dsl,não,não,não,mês a mês,cheque eletrônico,57.45,990.85,sim
3863-IUBJR,macho,0,sim,sim,12,,dsl,não,não,não,um ano,cartão de crédito (automático),53.65,696.35,sim
7649-SIJJF,macho,0,sim,não,71,,dsl,sim,sim,não,dois anos,cheque enviado,80.1,5585.4,não
9361-YNQWJ,fêmea,0,não,não,64,,não,sem serviço de internet,sem serviço de internet,sem serviço de internet,um ano,transferência bancária (automática),24.4,1601.2,não
3748-FVMZZ,macho,0,não,não,4,,dsl,não,sim,não,mês a mês,cheque eletrônico,40.05,162.45,não
9391-TTOYH,fêmea,0,não,não,23,,não,sem serviço de internet,sem serviço de internet,sem serviço de internet,mês a mês,cheque enviado,19.5,470.2,não
1452-XRSJV,fêmea,0,sim,sim,39,,dsl,sim,não,não,mês a mês,cartão de crédito (automático),51.05,2066.0,não
3422-WJOYD,macho,0,sim,não,28,,dsl,sim,sim,não,um ano,cheque enviado,54.35,1426.45,não
8242-SOQUO,fêmea,1,não,não,5,,fibra óptica,não,não,sim,mês a mês,cheque eletrônico,84.7,392.5,não
7460-ITWWP,fêmea,1,sim,não,45,,fibra óptica,não,não,não,mês a mês,cheque eletrônico,86.1,3861.45,não
7147-AYBAA,macho,0,não,não,37,,fibra óptica,não,não,não,mês a mês,cheque enviado,70.35,2552.9,não
7868-TMWMZ,fêmea,1,sim,não,60,,fibra óptica,sim,sim,sim,dois anos,transferência bancária (automática),110.0,6668.35,não
4822-RVYBB,macho,1,não,não,8,,fibra óptica,não,não,sim,mês a mês,cheque eletrônico,100.6,819.4,sim
6732-FZUGP,fêmea,0,não,não,47,,fibra óptica,sim,não,sim,um ano,cartão de crédito (automático),94.9,4615.25,não
8436-BJUMM,macho,0,sim,sim,26,,fibra óptica,não,não,sim,mês a mês,cheque eletrônico,83.75,2070.6,sim
4184-TJFAN,fêmea,1,sim,sim,3,,fibra óptica,sim,sim,sim,mês a mês,cheque enviado,88.3,273.75,sim
8329-GWVPJ,fêmea,0,sim,sim,50,,fibra óptica,não,não,não,mês a mês,transferência bancária (automática),69.75,3557.7,não
1352-VHKAJ,macho,0,sim,sim,27,,dsl,não,sim,sim,mês a mês,transferência bancária (automática),71.6,1957.1,não
4145-UQXUQ,fêmea,1,não,não,8,,fibra óptica,não,não,sim,mês a mês,cheque eletrônico,92.1,729.95,sim
2632-TACXW,fêmea,0,sim,não,62,,não,sem serviço de internet,sem serviço de internet,sem serviço de internet,dois anos,transferência bancária (automática),23.65,1416.75,não
8146-QQKZH,fêmea,0,sim,não,71,,dsl,sim,sim,sim,dois anos,transferência bancária (automática),81.85,5924.4,não
1767-CJKBA,macho,0,não,não,66,,não,sem serviço de internet,sem serviço de internet,sem serviço de internet,dois anos,cheque enviado,25.1,1697.7,não
6445-TNRXS,macho,0,sim,sim,68,,fibra óptica,sim,sim,sim,dois anos,transferência bancária (automática),114.7,7849.85,não
4581-LNWUM,fêmea,0,não,não,13,,dsl,não,não,sim,mês a mês,cheque eletrônico,49.15,649.4,não
4869-EPIUS,macho,0,sim,não,56,,fibra óptica,não,não,não,um ano,cheque eletrônico,80.9,4557.5,não
9948-YPTDG,macho,0,sim,não,38,,fibra óptica,sim,não,não,mês a mês,cheque eletrônico,79.45,3013.05,sim
1236-WFCDV,macho,1,não,não,14,,fibra óptica,não,não,sim,mês a mês,cartão de crédito (automático),90.45,1266.1,sim
1915-OAKWD,fêmea,0,não,sim,16,,não,sem serviço de internet,sem serviço de internet,sem serviço de internet,um ano,transferência bancária (automática),19.3,360.35,não
7296-PIXQY,fêmea,0,sim,sim,14,,fibra óptica,não,não,não,mês a mês,cheque eletrônico,70.2,1046.5,não
4883-QICIH,macho,0,sim,sim,32,,fibra óptica,não,não,não,mês a mês,transferência bancária (automática),69.75,2347.9,sim
3354-OADJP,fêmea,0,não,não,8,,dsl,sim,sim,não,um ano,transferência bancária (automática),54.25,447.75,não
3524-WQDSG,fêmea,0,sim,sim,43,,fibra óptica,não,não,sim,mês a mês,transferência bancária (automática),99.3,4209.95,não
0810-DHDBD,fêmea,0,não,não,52,,dsl,sim,sim,sim,um ano,cartão de crédito (automático),74.0,3877.65,não
4026-SKKHW,macho,0,não,não,3,,dsl,não,sim,não,mês a mês,cheque enviado,50.25,152.3,não
2829-HYVZP,macho,0,não,não,29,,não,sem serviço de internet,sem serviço de internet,sem serviço de internet,um ano,cheque enviado,19.8,572.2,não
8329-IBCTI,fêmea,0,não,não,1,,não,sem serviço de internet,sem serviço de internet,sem serviço de internet,mês a mês,cheque enviado,19.65,19.65,sim
1271-SJBGZ,macho,1,não,não,12,,dsl,não,sim,não,mês a mês,cheque eletrônico,43.65,526.95,sim
3845-JHAMY,fêmea,0,sim,sim,16,,dsl,não,não,não,mês a mês,cartão de crédito (automático),35.5,552.7,não
7013-PSXHK,fêmea,0,não,não,40,,dsl,não,sim,sim,um ano,cheque enviado,80.75,3208.65,não
5669-SRAIP,fêmea,0,não,não,5,,dsl,não,não,não,mês a mês,cheque eletrônico,39.5,210.75,sim
5981-ITEMU,macho,0,sim,não,40,,fibra óptica,não,não,sim,mês a mês,transferência bancária (automática),97.1,3706.95,sim
3486-NPGST,fêmea,0,não,não,36,,não,sem serviço de internet,sem serviço de internet,sem serviço de internet,um ano,cheque enviado,19.55,620.75,não
6941-PMGEP,fêmea,0,não,não,5,,fibra óptica,não,não,não,mês a mês,cheque eletrônico,80.0,412.5,sim
1624-WOIWJ,fêmea,0,não,não,10,,fibra óptica,sim,não,sim,mês a mês,cheque enviado,84.7,832.05,sim
2074-GKOWZ,macho,0,sim,sim,2,,fibra óptica,não,não,sim,mês a mês,transferência bancária (automática),89.55,185.55,sim
0376-YMCJC,macho,0,não,não,23,,fibra óptica,não,sim,sim,mês a mês,cheque eletrônico,90.6,1943.2,sim
6100-FJZDG,macho,0,sim,sim,26,,não,sem serviço de internet,sem serviço de internet,sem serviço de internet,um ano,transferência bancária (automática),20.05,505.9,não
4829-ZLJTK,fêmea,1,sim,não,72,,fibra óptica,sim,não,sim,dois anos,cheque eletrônico,112.4,8046.85,não
1730-VFMWO,fêmea,0,sim,não,34,,dsl,não,sim,não,mês a mês,transferência bancária (automática),50.2,1815.3,não
7143-BQIBA,macho,0,não,não,10,,dsl,sim,sim,sim,mês a mês,transferência bancária (automática),62.25,612.95,não
3800-LYTRK,fêmea,0,não,não,14,,dsl,sim,sim,não,um ano,cheque enviado,55.7,795.15,não
0634-SZPQA,fêmea,0,não,não,23,,fibra óptica,sim,não,sim,mês a mês,transferência bancária (automática),90.05,2169.8,sim
9646-NMHXE,macho,0,sim,não,47,,não,sem serviço de internet,sem serviço de internet,sem serviço de internet,dois anos,cheque enviado,19.65,973.1,não
7030-NJVDP,macho,0,sim,não,24,,fibra óptica,sim,sim,não,mês a mês,cheque eletrônico,89.25,2210.2,não
5536-RTPWK,macho,0,sim,não,49,,fibra óptica,não,não,sim,mês a mês,transferência bancária (automática),99.05,4853.75,sim
8883-GRDWQ,macho,1,não,não,20,,dsl,sim,sim,não,um ano,cheque enviado,54.0,1055.9,não
6166-ILMNY,fêmea,0,não,não,2,,fibra óptica,não,não,não,mês a mês,transferência bancária (automática),69.75,144.55,sim
3097-NNSPB,fêmea,0,não,não,2,,dsl,não,não,não,mês a mês,cartão de crédito (automático),49.05,91.1,sim
7771-ZONAT,macho,0,não,não,22,,dsl,não,sim,sim,dois anos,transferência bancária (automática),56.75,1304.85,não
0655-RBDUG,macho,0,não,não,7,,fibra óptica,não,não,sim,mês a mês,transferência bancária (automática),98.05,713.0,sim
2111-DWYHN,macho,0,não,não,1,,não,sem serviço de internet,sem serviço de internet,sem serviço de internet,mês a mês,cheque enviado,21.1,21.1,não
4194-WHFCB,fêmea,0,sim,sim,59,,fibra óptica,não,sim,não,mês a mês,transferência bancária (automática),96.65,5580.8,não
4121-AGSIN,fêmea,0,sim,sim,58,,não,sem serviço de internet,sem serviço de internet,sem serviço de internet,um ano,cartão de crédito (automático),24.5,1497.9,não
4361-BKAXE,fêmea,0,não,não,41,,fibra óptica,sim,sim,sim,mês a mês,transferência bancária (automática),114.5,4527.45,sim
9845-PEEKO,fêmea,1,não,não,59,,fibra óptica,não,não,não,dois anos,cartão de crédito (automático),79.2,4590.35,não
0455-XFASS,fêmea,0,sim,sim,3,,fibra óptica,não,não,não,mês a mês,cheque eletrônico,69.55,200.2,não
0301-KOBTQ,macho,0,não,não,32,,não,sem serviço de internet,sem serviço de internet,sem serviço de internet,dois anos,transferência bancária (automática),20.05,614.45,não
1751-NCDLI,macho,1,sim,não,46,,fibra óptica,não,não,sim,mês a mês,cheque eletrônico,98.85,4564.9,não
4367-NUYAO,macho,0,sim,sim,0,,não,sem serviço de internet,sem serviço de internet,sem serviço de internet,dois anos,cheque enviado,25.75,25.75,não
9878-TNQGW,macho,0,não,não,2,,fibra óptica,não,não,não,mês a mês,cheque eletrônico,80.95,171.15,sim
9170-ARBTB,fêmea,0,sim,sim,52,,não,sem serviço de internet,sem serviço de internet,sem serviço de internet,um ano,cartão de crédito (automático),19.6,1012.4,não
4441-NIHPT,fêmea,1,não,não,13,,fibra óptica,não,não,não,mês a mês,cheque eletrônico,74.3,940.35,sim
8999-BOHSE,fêmea,1,não,não,11,,fibra óptica,não,não,sim,mês a mês,transferência bancária (automática),89.7,1047.7,sim
7241-AJHFS,macho,0,não,não,32,,fibra óptica,sim,sim,não,mês a mês,transferência bancária (automática),87.65,2766.4,não
7029-RPUAV,macho,1,sim,não,17,,fibra óptica,não,não,sim,mês a mês,cartão de crédito (automático),100.45,1622.45,sim
4546-FOKWR,fêmea,0,não,não,16,,fibra óptica,não,não,não,mês a mês,cartão de crédito (automático),74.75,1129.35,não
9036-CSKBW,fêmea,0,não,não,51,,fibra óptica,sim,não,sim,um ano,transferência bancária (automática),107.45,5680.9,não
5832-TRLPB,macho,0,não,não,29,,dsl,não,sim,sim,um ano,transferência bancária (automática),75.35,2243.9,não
8590-YFFQO,macho,0,sim,não,70,,dsl,sim,sim,não,dois anos,cartão de crédito (automático),64.95,4523.25,não
8659-IOOPU,fêmea,0,sim,sim,71,,fibra óptica,sim,sim,não,dois anos,cheque eletrônico,100.45,7159.7,não
1338-CECEE,macho,0,sim,sim,41,,dsl,não,não,sim,um ano,transferência bancária (automática),68.5,2839.95,não
7439-DKZTW,macho,0,não,não,1,,fibra óptica,não,não,sim,mês a mês,cheque eletrônico,80.55,80.55,não
4646-QZXTF,fêmea,0,sim,não,7,,dsl,sim,sim,sim,mês a mês,transferência bancária (automática),81.25,580.1,não
4607-CHPCA,macho,0,sim,sim,25,,fibra óptica,não,não,sim,um ano,cheque eletrônico,90.4,2178.6,sim
9742-XOKTS,macho,0,sim,sim,67,,fibra óptica,sim,sim,não,um ano,cheque eletrônico,89.55,6038.55,não
6921-OZMFH,macho,0,sim,sim,5,,dsl,não,sim,não,mês a mês,cheque enviado,55.7,259.4,não
9578-FOMUK,macho,0,não,sim,15,,não,sem serviço de internet,sem serviço de internet,sem serviço de internet,mês a mês,cheque eletrônico,24.8,324.15,não
4712-UYOOI,fêmea,0,sim,sim,20,,não,sem serviço de internet,sem serviço de internet,sem serviço de internet,mês a mês,cheque eletrônico,20.0,417.65,não
8824-RWFXJ,macho,0,sim,sim,3,,dsl,não,não,não,mês a mês,cheque enviado,56.15,168.15,sim
7722-CVFXN,macho,0,sim,sim,54,,fibra óptica,não,sim,sim,um ano,cheque eletrônico,105.2,5637.85,não
8717-VCTXJ,macho,0,não,não,42,,não,sem serviço de internet,sem serviço de internet,sem serviço de internet,um ano,cheque enviado,19.55,839.4,não
7363-QTBIW,fêmea,0,sim,não,9,,fibra óptica,não,não,não,mês a mês,cheque eletrônico,79.75,769.1,não
4159-NAAIX,fêmea,0,não,não,63,,fibra óptica,não,não,sim,dois anos,transferência bancária (automática),97.45,6253.0,não
0971-QIFJK,fêmea,0,sim,não,69,,não,sem serviço de internet,sem serviço de internet,sem serviço de internet,dois anos,transferência bancária (automática),24.25,1641.8,não
9397-TZSHA,fêmea,0,não,não,69,,não,sem serviço de internet,sem serviço de internet,sem serviço de internet,dois anos,cartão de crédito (automático),24.6,1678.05,não
3391-JSQEW,macho,0,sim,não,40,,dsl,não,não,não,mês a mês,cheque enviado,50.15,2058.5,não
0343-QLUZP,macho,0,não,não,60,,dsl,sim,não,não,dois anos,transferência bancária (automática),39.6,2424.5,não
9763-PDTKK,fêmea,0,não,não,4,,fibra óptica,sim,sim,não,mês a mês,transferência bancária (automática),94.4,387.2,sim
2176-LVPNX,fêmea,1,não,não,71,,dsl,sim,sim,sim,dois anos,cheque enviado,89.85,6293.45,não
7627-JKIAZ,fêmea,0,sim,não,37,,fibra óptica,não,não,não,mês a mês,cartão de crédito (automático),78.95,2839.65,sim
3312-UUMZW,macho,0,sim,não,32,,fibra óptica,não,não,sim,mês a mês,cartão de crédito (automático),98.85,3145.9,não
1271-UODNO,macho,0,não,não,39,,dsl,não,sim,não,dois anos,cartão de crédito (automático),53.85,2200.7,não
8461-EFQYM,fêmea,0,não,não,38,,não,sem serviço de internet,sem serviço de internet,sem serviço de internet,um ano,cheque eletrônico,24.25,914.4,não
6900-RBKER,macho,0,não,não,52,,fibra óptica,não,não,não,dois anos,cartão de crédito (automático),89.45,4577.75,não
6891-JPYFF,fêmea,0,sim,sim,48,,fibra óptica,sim,não,sim,mês a mês,cartão de crédito (automático),105.25,4997.5,não
1459-QNFQT,macho,0,sim,sim,70,,dsl,sim,sim,sim,dois anos,transferência bancária (automática),59.5,4144.8,não
1047-NNCBF,macho,0,não,não,20,,fibra óptica,não,não,não,mês a mês,cartão de crédito (automático),70.55,1493.55,não
3696-XRIEN,fêmea,0,não,não,50,,dsl,sim,sim,sim,um ano,cartão de crédito (automático),82.5,4179.1,não
4081-DYXAV,fêmea,0,não,não,19,,dsl,não,não,sim,um ano,cartão de crédito (automático),44.85,893.55,sim
0074-HDKDG,macho,0,sim,sim,25,,dsl,sim,não,não,um ano,transferência bancária (automática),61.6,1611.0,não
8791-GFXLZ,macho,0,não,não,12,,dsl,não,não,não,mês a mês,transferência bancária (automática),49.05,593.05,não
8111-SLLHI,macho,1,sim,não,39,,fibra óptica,não,não,sim,mês a mês,cheque eletrônico,105.65,4284.8,sim
0927-LCSMG,macho,0,não,não,7,,fibra óptica,não,não,não,mês a mês,cheque enviado,74.65,544.55,sim
9330-DHBFL,fêmea,0,sim,sim,23,,dsl,sim,sim,não,um ano,cheque enviado,66.25,1533.8,não
0098-BOWSO,macho,0,não,não,27,,não,sem serviço de internet,sem serviço de internet,sem serviço de internet,mês a mês,cheque eletrônico,19.4,529.8,não
3452-ABWRL,macho,1,não,não,47,,fibra óptica,não,não,sim,mês a mês,cartão de crédito (automático),86.05,3865.6,não
5859-HZYLF,macho,0,sim,sim,26,,não,sem serviço de internet,sem serviço de internet,sem serviço de internet,dois anos,cartão de crédito (automático),19.15,515.75,não
8257-RZAHR,fêmea,0,sim,não,14,,dsl,sim,não,sim,mês a mês,transferência bancária (automática),64.7,941.0,sim
5293-WXJAK,fêmea,1,sim,não,11,,fibra óptica,não,sim,sim,mês a mês,transferência bancária (automática),104.05,1133.65,sim
3156-QLHBO,macho,0,não,sim,2,,não,sem serviço de internet,sem serviço de internet,sem serviço de internet,mês a mês,cheque enviado,19.25,48.35,não
2208-NQBCT,fêmea,0,sim,sim,26,,fibra óptica,sim,não,não,mês a mês,cheque eletrônico,81.95,2070.05,não
1779-PWPMG,fêmea,1,sim,não,72,,fibra óptica,sim,sim,sim,dois anos,transferência bancária (automática),114.65,8333.95,não
6621-NRZAK,fêmea,0,sim,sim,63,,não,sem serviço de internet,sem serviço de internet,sem serviço de internet,dois anos,cartão de crédito (automático),20.0,1209.25,não
0831-JNISG,macho,0,sim,sim,71,,não,sem serviço de internet,sem serviço de internet,sem serviço de internet,dois anos,cheque enviado,19.8,1396.25,não
0774-IFUVM,macho,0,sim,sim,11,,dsl,sim,não,sim,mês a mês,transferência bancária (automática),65.15,723.35,não
3082-WQRVY,macho,1,sim,não,14,,não,sem serviço de internet,sem serviço de internet,sem serviço de internet,um ano,cheque enviado,19.65,228.65,não
9553-DLCLU,fêmea,0,não,sim,13,,dsl,sim,sim,sim,dois anos,cartão de crédito (automático),88.95,1161.75,não
1641-BYBTK,macho,0,não,sim,6,,não,sem serviço de internet,sem serviço de internet,sem serviço de internet,mês a mês,cheque enviado,20.2,98.35,não
2460-NGXBJ,macho,1,sim,sim,11,,fibra óptica,não,não,não,mês a mês,cartão de crédito (automático),75.2,775.3,não
2446-ZKVAF,macho,0,sim,não,18,,dsl,não,não,não,mês a mês,cartão de crédito (automático),56.8,1074.65,não
0841-NULXI,macho,0,não,não,1,,dsl,não,não,não,mês a mês,cheque eletrônico,35.55,35.55,sim
3522-CDKHF,fêmea,0,sim,não,32,,fibra óptica,sim,não,não,mês a mês,transferência bancária (automática),75.5,2324.7,não
1430-SFQSA,macho,0,não,não,29,,dsl,sim,sim,não,um ano,cheque enviado,35.6,1072.6,não
0411-EZJZE,fêmea,0,não,não,3,,dsl,não,não,sim,mês a mês,cheque eletrônico,60.25,170.5,não
7851-WZEKY,fêmea,0,não,não,2,,fibra óptica,não,não,sim,mês a mês,cheque eletrônico,95.15,196.9,sim
8844-TONUD,macho,0,sim,sim,13,,fibra óptica,não,não,sim,mês a mês,cheque enviado,96.65,1162.85,sim
8807-ARQET,fêmea,0,não,não,41,,dsl,não,não,não,mês a mês,cheque eletrônico,40.35,1677.85,não
8992-CEUEN,fêmea,0,não,não,1,,não,sem serviço de internet,sem serviço de internet,sem serviço de internet,mês a mês,cheque eletrônico,18.85,18.85,não
4320-QMLLA,macho,0,não,não,7,,dsl,não,não,sim,mês a mês,cheque enviado,54.85,370.4,não
8777-PVYGU,fêmea,0,sim,não,52,,dsl,sim,não,sim,um ano,cheque enviado,64.3,3410.6,não
8292-ITGYJ,fêmea,0,sim,sim,45,,não,sem serviço de internet,sem serviço de internet,sem serviço de internet,dois anos,transferência bancária (automática),24.65,1138.8,não
6870-ZWMNX,macho,0,sim,não,70,,dsl,não,sim,sim,dois anos,cartão de crédito (automático),76.1,5264.25,não
0621-CXBKL,fêmea,0,não,não,53,,não,sem serviço de internet,sem serviço de internet,sem serviço de internet,dois anos,cheque enviado,18.7,1005.7,não
5268-DSMNQ,fêmea,1,sim,não,62,,fibra óptica,não,não,sim,um ano,cartão de crédito (automático),97.95,5936.55,não
5334-JLAXU,fêmea,0,sim,não,60,,fibra óptica,sim,não,não,mês a mês,cartão de crédito (automático),94.1,5475.9,não
4086-YQSNZ,fêmea,1,sim,não,3,,fibra óptica,não,não,sim,mês a mês,cheque eletrônico,80.4,224.05,sim
6242-MBHPK,fêmea,1,sim,não,23,,fibra óptica,sim,não,sim,mês a mês,cheque eletrônico,95.1,2326.05,não
5868-CZJDR,macho,0,não,sim,1,,dsl,não,não,não,mês a mês,cheque enviado,31.35,31.35,sim
9359-UGBTK,fêmea,0,não,não,67,,dsl,sim,sim,não,um ano,transferência bancária (automática),72.35,4991.5,não
0135-NMXAP,fêmea,0,não,não,12,,fibra óptica,não,não,sim,mês a mês,transferência bancária (automática),89.75,1052.4,sim
4782-OSFXZ,fêmea,1,sim,não,71,,dsl,sim,sim,não,dois anos,transferência bancária (automática),82.7,5831.2,não
6479-OAUSD,macho,0,não,não,25,,não,sem serviço de internet,sem serviço de internet,sem serviço de internet,um ano,cartão de crédito (automático),19.9,510.8,não
7129-ACFOG,fêmea,0,não,não,5,,dsl,sim,não,não,mês a mês,cheque eletrônico,53.8,283.95,não
4189-NAKJS,macho,0,não,não,26,,dsl,não,não,não,um ano,cartão de crédito (automático),51.55,1295.4,não
5562-BETPV,macho,0,sim,sim,1,,não,sem serviço de internet,sem serviço de internet,sem serviço de internet,um ano,cheque enviado,19.65,19.65,não
1282-IHQAC,macho,1,não,não,70,,dsl,não,não,sim,um ano,cartão de crédito (automático),44.05,3011.65,não
9127-FHJBZ,macho,0,sim,sim,72,,fibra óptica,sim,sim,sim,dois anos,cheque eletrônico,114.0,8093.15,não
6270-OMFIW,macho,0,sim,não,60,,fibra óptica,não,não,sim,um ano,cheque eletrônico,94.4,5610.25,sim
1641-RQDAY,fêmea,1,sim,sim,32,,fibra óptica,não,não,sim,mês a mês,cheque eletrônico,100.4,3217.65,não
0107-WESLM,macho,0,não,não,1,,não,sem serviço de internet,sem serviço de internet,sem serviço de internet,mês a mês,cheque eletrônico,19.85,19.85,sim
6994-ORCWG,fêmea,0,não,não,14,,dsl,não,não,não,um ano,cheque enviado,54.25,773.2,não
1346-UFHAX,fêmea,0,não,não,13,,fibra óptica,sim,não,não,mês a mês,cartão de crédito (automático),80.0,1029.35,não
3992-YWPKO,fêmea,0,não,não,6,,fibra óptica,não,sim,sim,mês a mês,cartão de crédito (automático),109.9,669.45,sim
2933-XEUJM,fêmea,0,não,não,46,,dsl,sim,não,sim,dois anos,cheque enviado,79.2,3593.8,não
0125-LZQXK,macho,0,não,não,15,,fibra óptica,não,sim,sim,mês a mês,cheque eletrônico,101.35,1553.95,sim
5461-QKNTN,macho,1,sim,não,43,,fibra óptica,não,sim,sim,mês a mês,cheque eletrônico,94.3,3953.15,não
4835-YSJMR,macho,0,não,não,39,,dsl,não,sim,não,dois anos,transferência bancária (automática),49.8,1971.15,não
8399-YNDCH,macho,1,não,não,21,,dsl,não,não,sim,mês a mês,transferência bancária (automática),60.05,1236.15,sim
3164-YAXFY,macho,0,não,não,57,,dsl,sim,não,sim,mês a mês,cheque eletrônico,53.75,3196.0,não
0887-WBJVH,fêmea,0,sim,não,53,,fibra óptica,não,sim,sim,um ano,cheque eletrônico,93.45,4872.2,não
4660-IRIBM,macho,0,sim,sim,18,,fibra óptica,sim,não,sim,mês a mês,cheque enviado,87.9,1500.5,não
5673-FSSMF,fêmea,0,não,não,1,,dsl,não,não,não,mês a mês,cheque eletrônico,60.15,60.15,sim
7670-ZBPOQ,fêmea,0,sim,não,58,,dsl,sim,sim,não,um ano,transferência bancária (automática),61.05,3478.75,não
8089-UZWLX,fêmea,1,não,não,71,,fibra óptica,não,não,sim,dois anos,transferência bancária (automática),104.05,7413.55,não
0080-OROZO,fêmea,0,não,não,35,,fibra óptica,não,sim,sim,um ano,cheque eletrônico,99.25,3532.0,não
3916-NRPAP,macho,0,não,não,3,,fibra óptica,não,não,não,mês a mês,cartão de crédito (automático),85.7,256.75,não
6807-SIWJI,macho,0,não,não,38,,fibra óptica,sim,não,sim,um ano,cheque eletrônico,104.85,3887.25,não
8221-HVAYI,macho,0,sim,sim,35,,dsl,sim,sim,não,dois anos,cartão de crédito (automático),69.15,2490.15,não
1579-KLYDT,macho,0,não,não,7,,fibra óptica,não,não,sim,mês a mês,cheque eletrônico,90.45,593.45,sim
5232-NXPAY,fêmea,0,não,não,47,,dsl,não,sim,sim,dois anos,cheque enviado,74.45,3510.3,não
8967-SZQAS,fêmea,0,não,não,14,,dsl,não,não,não,mês a mês,cheque eletrônico,50.45,765.45,não
4468-KAZHE,fêmea,1,sim,não,20,,dsl,não,não,não,mês a mês,cheque eletrônico,60.0,1259.35,não
0455-ENTCR,macho,0,sim,não,66,,dsl,sim,sim,sim,dois anos,cheque eletrônico,85.25,5538.35,não
8944-AILEF,macho,0,sim,não,15,,não,sem serviço de internet,sem serviço de internet,sem serviço de internet,mês a mês,cartão de crédito (automático),19.45,340.85,não
5542-NKVRU,fêmea,0,não,não,42,,não,sem serviço de internet,sem serviço de internet,sem serviço de internet,dois anos,transferência bancária (automática),20.75,844.45,não
7126-RBHSD,fêmea,0,sim,não,17,,fibra óptica,sim,não,não,mês a mês,cheque eletrônico,78.9,1348.95,não
5370-IIVVL,macho,0,não,não,37,,fibra óptica,não,sim,sim,um ano,cartão de crédito (automático),104.5,3778.0,não
6789-HJBWG,fêmea,0,não,não,12,,dsl,não,não,não,mês a mês,cheque eletrônico,49.4,611.65,não
3927-NLNRY,macho,0,sim,não,53,,fibra óptica,não,não,sim,um ano,transferência bancária (automática),94.25,4867.95,sim
9087-EYCPR,fêmea,0,não,não,60,,não,sem serviço de internet,sem serviço de internet,sem serviço de internet,dois anos,cheque enviado,25.0,1505.05,não
6791-YBNAK,macho,0,sim,sim,18,,dsl,não,não,não,mês a mês,cartão de crédito (automático),25.55,467.85,não
6358-LYNGM,macho,0,não,não,1,,fibra óptica,não,não,não,mês a mês,cheque eletrônico,74.9,74.9,sim
6077-BDPXA,fêmea,0,não,não,3,,fibra óptica,não,não,não,mês a mês,cheque eletrônico,70.15,194.2,não
0013-MHZWF,fêmea,0,não,sim,9,,dsl,não,sim,sim,mês a mês,cartão de crédito (automático),69.4,571.45,não
5494-HECPR,fêmea,0,não,não,1,,fibra óptica,não,não,sim,mês a mês,cheque eletrônico,80.25,80.25,sim
8268-YDIXR,macho,0,sim,não,56,,fibra óptica,sim,não,não,um ano,cheque eletrônico,93.15,5253.95,não
9824-BEMCV,macho,0,sim,sim,17,,fibra óptica,não,não,não,mês a mês,cheque eletrônico,69.0,1149.65,sim
1373-ORVIZ,fêmea,0,sim,sim,11,,dsl,não,sim,não,mês a mês,cheque eletrônico,66.35,740.8,sim
4291-SHSBH,macho,0,não,não,7,,fibra óptica,não,não,não,mês a mês,cheque eletrônico,69.55,521.35,não
6980-IMXXE,fêmea,0,sim,sim,69,,não,sem serviço de internet,sem serviço de internet,sem serviço de internet,dois anos,transferência bancária (automática),20.2,1412.65,não
9866-QEVEE,macho,0,não,não,19,,fibra óptica,não,não,não,mês a mês,transferência bancária (automática),86.0,1532.45,sim
9897-KXHCM,fêmea,0,sim,sim,3,,fibra óptica,não,não,não,mês a mês,cheque eletrônico,80.3,250.05,sim
0040-HALCW,macho,0,sim,sim,54,,não,sem serviço de internet,sem serviço de internet,sem serviço de internet,dois anos,cartão de crédito (automático),20.4,1090.6,não
0784-GTUUK,macho,0,sim,não,62,,não,sem serviço de internet,sem serviço de internet,sem serviço de internet,um ano,cartão de crédito (automático),23.75,1446.8,não
7979-CORPM,macho,0,não,não,24,,fibra óptica,não,não,sim,mês a mês,cartão de crédito (automático),90.55,2282.55,sim
2294-DMMUS,fêmea,0,sim,sim,62,,dsl,não,não,sim,mês a mês,cartão de crédito (automático),70.45,4300.45,não
0872-JCPIB,macho,0,não,não,17,,dsl,sim,não,não,mês a mês,transferência bancária (automática),65.75,1111.2,não
3055-MJDSB,macho,0,não,não,9,,dsl,não,não,não,mês a mês,cheque enviado,24.6,190.1,não
9091-WTUUY,macho,0,sim,sim,64,,dsl,sim,sim,sim,dois anos,cheque enviado,69.25,4447.75,não
1618-CFHME,fêmea,0,não,não,2,,fibra óptica,não,não,não,mês a mês,cheque eletrônico,75.9,143.35,sim
3165-HDOEW,macho,0,sim,sim,1,,dsl,não,não,não,mês a mês,cheque enviado,45.85,45.85,sim
6581-NQCBA,fêmea,0,sim,não,16,,dsl,não,sim,sim,mês a mês,cheque eletrônico,49.95,810.2,sim
7115-IRDHS,fêmea,0,sim,não,72,,não,sem serviço de internet,sem serviço de internet,sem serviço de internet,dois anos,transferência bancária (automática),24.65,1830.05,não
8496-DMZUK,macho,0,não,não,30,,fibra óptica,sim,não,não,um ano,transferência bancária (automática),90.4,2820.65,não
2040-VZIKE,fêmea,0,sim,não,49,,fibra óptica,sim,não,sim,mês a mês,cheque enviado,100.85,4847.35,não
9068-VPWQQ,macho,0,sim,não,61,,dsl,sim,sim,não,dois anos,cartão de crédito (automático),75.35,4729.3,não
0178-SZBHO,macho,0,sim,sim,47,,fibra óptica,não,não,sim,mês a mês,cheque eletrônico,87.2,4017.45,não
0384-RVBPI,macho,0,não,não,20,,dsl,sim,não,não,mês a mês,cartão de crédito (automático),64.4,1398.6,não
1689-MRZQR,macho,0,sim,sim,34,,fibra óptica,não,não,sim,mês a mês,cheque eletrônico,78.3,2564.3,sim
1299-AURJA,fêmea,0,sim,sim,70,,não,sem serviço de internet,sem serviço de internet,sem serviço de internet,dois anos,transferência bancária (automática),24.7,1685.9,não
4525-VZCZG,macho,0,não,sim,54,,fibra óptica,sim,sim,sim,um ano,cheque eletrônico,105.85,5826.65,não
1543-LLLFT,macho,1,sim,não,61,,fibra óptica,não,sim,sim,um ano,cheque enviado,98.3,6066.55,não
5835-BEQEU,macho,0,não,não,3,,fibra óptica,não,não,não,mês a mês,cheque eletrônico,76.95,228.4,sim
2788-CJQAQ,macho,0,não,não,13,,não,sem serviço de internet,sem serviço de internet,sem serviço de internet,um ano,cheque enviado,19.45,270.2,não
5565-FILXA,fêmea,1,não,não,16,,fibra óptica,não,não,sim,mês a mês,cheque eletrônico,96.15,1529.2,sim
0319-QZTCO,fêmea,0,sim,sim,3,,dsl,não,não,sim,mês a mês,cartão de crédito (automático),58.7,168.6,não
2120-SMPEX,macho,0,não,não,25,,não,sem serviço de internet,sem serviço de internet,sem serviço de internet,mês a mês,cheque enviado,20.15,536.35,não
0096-FCPUF,macho,0,não,não,30,,dsl,sim,não,não,mês a mês,cheque enviado,64.5,1888.45,não
0668-OGMHD,fêmea,0,sim,não,21,,dsl,sim,não,não,mês a mês,cheque eletrônico,28.5,629.35,não
5552-ZNFSJ,macho,0,não,não,1,,dsl,não,não,não,mês a mês,cheque eletrônico,45.3,45.3,sim
2223-KAGMX,fêmea,0,não,não,15,,não,sem serviço de internet,sem serviço de internet,sem serviço de internet,mês a mês,transferência bancária (automática),19.4,289.3,sim
6507-ZJSUR,macho,1,sim,não,23,,fibra óptica,não,não,sim,mês a mês,cheque eletrônico,90.45,2117.25,não
9408-HRXRK,fêmea,0,sim,sim,45,,fibra óptica,sim,não,sim,mês a mês,cheque eletrônico,105.15,4730.9,não
5593-SUAOO,fêmea,0,sim,sim,24,,fibra óptica,não,não,não,um ano,transferência bancária (automática),83.15,2033.05,não
7321-PKUYW,fêmea,0,não,não,11,,fibra óptica,não,sim,sim,mês a mês,cheque eletrônico,90.15,987.95,sim
2833-SLKDQ,macho,0,não,não,1,,dsl,não,não,não,mês a mês,cheque enviado,45.05,45.05,sim
6766-HFKLA,fêmea,0,sim,não,56,,fibra óptica,não,sim,sim,dois anos,transferência bancária (automática),103.2,5744.35,não
7595-EUIVN,fêmea,0,não,não,1,,fibra óptica,não,não,não,mês a mês,cheque eletrônico,75.8,75.8,sim
7617-EYGLW,macho,0,não,não,1,,não,sem serviço de internet,sem serviço de internet,sem serviço de internet,mês a mês,cheque eletrônico,19.45,19.45,não
2026-TGDHM,fêmea,0,não,não,7,,fibra óptica,não,não,não,mês a mês,cheque eletrônico,79.3,523.15,sim
9220-ZNKJI,fêmea,1,sim,não,55,,fibra óptica,não,sim,sim,dois anos,cartão de crédito (automático),88.8,4805.3,não
4030-VPZBD,fêmea,0,não,não,2,,dsl,não,sim,não,mês a mês,cheque eletrônico,30.9,59.05,sim
2226-ICFDO,fêmea,0,sim,sim,72,,dsl,sim,sim,sim,dois anos,cartão de crédito (automático),85.9,6110.75,não
0723-VSOBE,fêmea,1,não,não,45,,dsl,não,não,não,um ano,cheque eletrônico,34.2,1596.6,não
5529-GIBVH,fêmea,0,não,não,47,,não,sem serviço de internet,sem serviço de internet,sem serviço de internet,dois anos,cheque enviado,20.15,1046.2,não
4187-CINZD,fêmea,1,não,não,46,,fibra óptica,não,não,sim,um ano,cartão de crédito (automático),95.25,4424.2,sim
9992-UJOEL,macho,0,não,não,2,,dsl,não,não,não,mês a mês,cheque enviado,50.3,92.75,não
4741-WWJQZ,fêmea,0,sim,não,2,,fibra óptica,sim,sim,não,mês a mês,cheque eletrônico,80.15,194.55,não
6625-UTXEW,fêmea,0,sim,não,12,,dsl,não,não,não,mês a mês,cheque eletrônico,51.25,612.1,não
6818-WOBHJ,fêmea,1,sim,não,68,,fibra óptica,não,não,não,mês a mês,transferência bancária (automática),89.6,6127.6,sim
6244-BESBM,macho,0,sim,sim,69,,fibra óptica,não,sim,sim,dois anos,cartão de crédito (automático),95.2,6671.7,não
1004-NOZNR,macho,1,não,sim,56,,fibra óptica,sim,não,sim,um ano,cartão de crédito (automático),94.8,5264.3,não
1251-STYSZ,fêmea,1,não,não,4,,fibra óptica,sim,não,não,mês a mês,cheque eletrônico,80.25,303.7,não
2612-PHGOX,macho,0,sim,não,64,,dsl,não,sim,sim,dois anos,transferência bancária (automática),76.1,4818.8,não
2408-TZMJL,macho,0,sim,não,59,,fibra óptica,sim,não,sim,um ano,cheque eletrônico,110.15,6448.05,sim
8480-PPONV,macho,0,sim,sim,62,,fibra óptica,sim,sim,sim,dois anos,transferência bancária (automática),115.55,7159.05,não
8780-IHCRN,macho,0,sim,sim,63,,não,sem serviço de internet,sem serviço de internet,sem serviço de internet,dois anos,cartão de crédito (automático),24.65,1574.5,não
4598-ZADCK,fêmea,0,não,não,53,,dsl,sim,sim,sim,um ano,cheque eletrônico,53.6,2879.2,não
1257-SXUXQ,macho,0,sim,sim,5,,não,sem serviço de internet,sem serviço de internet,sem serviço de internet,mês a mês,cheque enviado,19.45,86.05,não
9681-KYGYB,macho,1,sim,não,49,,fibra óptica,sim,não,não,mês a mês,cheque eletrônico,88.2,4159.45,não
7182-OVLBJ,fêmea,0,sim,sim,62,,fibra óptica,sim,não,sim,dois anos,transferência bancária (automática),101.15,6638.35,não
5095-ETBRJ,fêmea,0,sim,não,55,,dsl,sim,sim,não,dois anos,cheque enviado,56.8,3112.05,não
7005-CYUIL,fêmea,1,sim,não,71,,fibra óptica,sim,sim,sim,dois anos,cheque eletrônico,99.4,7168.25,não
4821-WQOYN,fêmea,0,sim,sim,72,,não,sem serviço de internet,sem serviço de internet,sem serviço de internet,dois anos,cartão de crédito (automático),20.1,1326.25,não
4730-AWNAU,macho,0,sim,sim,36,,dsl,sim,sim,sim,um ano,cartão de crédito (automático),60.7,2234.55,não
3452-FLHYD,macho,0,sim,não,25,,não,sem serviço de internet,sem serviço de internet,sem serviço de internet,um ano,transferência bancária (automática),20.95,495.15,não
2388-LAESQ,fêmea,1,sim,não,72,,fibra óptica,sim,sim,sim,dois anos,transferência bancária (automática),114.85,8317.95,não
9531-NSBMR,fêmea,0,não,não,36,,não,sem serviço de internet,sem serviço de internet,sem serviço de internet,um ano,transferência bancária (automática),19.25,679.8,não
6260-ONULR,macho,0,não,não,1,,dsl,não,não,sim,mês a mês,cheque enviado,62.8,62.8,não
4389-UEFCZ,fêmea,0,sim,não,72,,fibra óptica,sim,não,sim,dois anos,cheque eletrônico,105.5,7544.0,não
8711-LOBKY,macho,0,sim,sim,59,,não,sem serviço de internet,sem serviço de internet,sem serviço de internet,dois anos,cheque enviado,19.85,1188.25,não
9134-CEQMF,macho,1,sim,não,7,,fibra óptica,não,não,sim,mês a mês,cheque eletrônico,89.5,676.7,sim
8985-OOPOS,fêmea,0,não,não,1,,dsl,não,sim,sim,um ano,cartão de crédito (automático),74.1,74.1,não
8800-ZKRFW,fêmea,0,sim,sim,30,,fibra óptica,não,sim,sim,mês a mês,cheque eletrônico,107.5,3242.5,não
2616-FLVQC,macho,0,não,não,64,,não,sem serviço de internet,sem serviço de internet,sem serviço de internet,dois anos,cheque enviado,19.55,1240.15,não
9968-FFVVH,macho,0,não,não,63,,dsl,sim,sim,não,um ano,transferência bancária (automática),68.8,4111.35,não
3108-PCCGG,macho,1,sim,não,72,,dsl,sim,não,sim,dois anos,cartão de crédito (automático),84.45,5899.85,não
7993-PYKOF,macho,0,sim,não,8,,fibra óptica,sim,não,não,mês a mês,cheque eletrônico,75.0,632.95,sim
8390-FESFV,fêmea,0,não,não,62,,dsl,não,sim,sim,dois anos,transferência bancária (automática),84.5,5193.2,não
3022-BEXHZ,macho,0,sim,sim,67,,fibra óptica,não,sim,sim,dois anos,transferência bancária (automática),111.2,7530.8,não
5027-XWQHA,macho,0,não,não,6,,dsl,não,não,não,mês a mês,cheque eletrônico,44.75,270.95,sim
6248-TKCQV,fêmea,0,sim,sim,70,,dsl,sim,sim,sim,dois anos,transferência bancária (automática),80.6,5460.2,não
6729-GDNGC,fêmea,1,não,não,20,,fibra óptica,não,não,sim,mês a mês,transferência bancária (automática),80.7,1614.2,não
6198-ZFIOJ,fêmea,0,não,não,5,,fibra óptica,não,não,não,mês a mês,cheque eletrônico,75.6,402.5,não
5989-OMNJE,fêmea,0,sim,sim,24,,dsl,sim,não,sim,um ano,cheque eletrônico,57.6,1367.75,não
4566-QVRRW,fêmea,0,sim,não,11,,dsl,não,não,não,mês a mês,cheque eletrônico,44.05,483.7,sim
1291-CUOCY,macho,0,sim,não,72,,fibra óptica,não,sim,sim,dois anos,cartão de crédito (automático),110.6,7962.2,não
9795-SHUHB,fêmea,0,sim,sim,66,,dsl,sim,sim,não,dois anos,cartão de crédito (automático),58.2,3810.8,não
3230-IUALN,fêmea,0,sim,sim,45,,dsl,sim,sim,sim,dois anos,cheque enviado,81.0,3533.6,não
0042-RLHYP,fêmea,0,sim,sim,69,,não,sem serviço de internet,sem serviço de internet,sem serviço de internet,dois anos,transferência bancária (automática),19.7,1396.9,não
8519-IMDHU,macho,1,sim,não,15,,fibra óptica,não,não,não,mês a mês,transferência bancária (automática),85.6,1345.55,sim
4945-RVMTE,fêmea,0,não,não,28,,dsl,não,não,sim,mês a mês,transferência bancária (automática),59.55,1646.45,não
0201-OAMXR,fêmea,0,não,não,70,,fibra óptica,sim,sim,sim,um ano,cartão de crédito (automático),115.55,8127.6,sim
1866-NXPSP,fêmea,0,não,não,36,,dsl,sim,sim,não,um ano,cheque enviado,75.55,2680.15,não
3372-KWFBM,macho,1,não,não,16,,fibra óptica,não,não,sim,mês a mês,cheque eletrônico,86.6,1281.0,sim
7831-QGOXH,fêmea,0,não,não,18,,fibra óptica,não,não,sim,mês a mês,cheque eletrônico,85.2,1553.9,sim
6393-WRYZE,fêmea,0,sim,não,34,,fibra óptica,não,não,sim,mês a mês,cheque eletrônico,97.65,3207.55,sim
3941-XTSKM,macho,0,sim,sim,42,,dsl,não,não,não,um ano,cartão de crédito (automático),45.1,2049.05,não
1661-CZBAU,macho,0,não,não,48,,dsl,sim,sim,não,um ano,transferência bancária (automática),70.95,3629.2,não
6599-RCLCJ,macho,0,sim,não,47,,fibra óptica,não,sim,sim,mês a mês,cheque eletrônico,109.55,5124.55,sim
9831-BPFRI,fêmea,0,sim,sim,39,,fibra óptica,não,sim,não,um ano,cheque eletrônico,89.55,3474.45,sim
5158-RIVOP,fêmea,0,sim,sim,11,,não,sem serviço de internet,sem serviço de internet,sem serviço de internet,dois anos,cartão de crédito (automático),20.9,202.3,não
9788-YTFGE,macho,0,não,não,7,,não,sem serviço de internet,sem serviço de internet,sem serviço de internet,mês a mês,cheque enviado,19.95,147.5,não
9277-JOOMO,fêmea,0,não,não,3,,não,sem serviço de internet,sem serviço de internet,sem serviço de internet,mês a mês,cheque enviado,24.6,86.35,não
1907-YLNYW,macho,0,não,não,8,,dsl,sim,não,não,mês a mês,cheque eletrônico,66.7,579.0,não
1725-MIMXW,macho,0,não,sim,1,,não,sem serviço de internet,sem serviço de internet,sem serviço de internet,mês a mês,cheque enviado,19.45,19.45,sim
8947-YRTDV,macho,0,sim,sim,32,,fibra óptica,sim,não,não,um ano,cheque enviado,94.8,3131.55,não
3161-ONRWK,macho,0,sim,sim,60,,dsl,sim,sim,não,um ano,transferência bancária (automática),65.85,3928.3,não
0114-RSRRW,fêmea,0,sim,não,10,,não,sem serviço de internet,sem serviço de internet,sem serviço de internet,mês a mês,transferência bancária (automática),19.95,187.75,não
4565-NLZBV,fêmea,0,sim,não,71,,não,sem serviço de internet,sem serviço de internet,sem serviço de internet,dois anos,transferência bancária (automática),24.65,1710.15,não
0031-PVLZI,fêmea,0,sim,sim,4,,não,sem serviço de internet,sem serviço de internet,sem serviço de internet,mês a mês,cheque enviado,20.35,76.35,sim
7206-GZCDC,fêmea,1,não,não,1,,fibra óptica,não,não,não,mês a mês,cheque eletrônico,69.25,69.25,sim
6682-VCIXC,fêmea,0,sim,sim,43,,dsl,sim,sim,sim,um ano,transferência bancária (automática),51.25,2151.6,não
4791-QRGMF,macho,0,sim,não,59,,fibra óptica,não,não,sim,um ano,transferência bancária (automática),99.5,5961.1,sim
6475-VHUIZ,fêmea,0,sim,não,23,,dsl,não,sim,não,mês a mês,cheque eletrônico,54.25,1221.55,não
3910-MRQOY,fêmea,0,sim,não,72,,não,sem serviço de internet,sem serviço de internet,sem serviço de internet,dois anos,transferência bancária (automática),19.4,1496.45,não
0661-WCQNQ,macho,0,sim,não,22,,dsl,sim,sim,não,um ano,cartão de crédito (automático),56.25,1292.2,não
7537-RBWEA,fêmea,0,não,não,1,,dsl,não,não,não,mês a mês,cheque enviado,25.15,25.15,não
4656-CAURT,macho,0,não,não,69,,não,sem serviço de internet,sem serviço de internet,sem serviço de internet,dois anos,transferência bancária (automática),23.95,1713.1,não
0121-SNYRK,macho,0,não,não,50,,dsl,sim,sim,não,um ano,cheque enviado,35.4,1748.9,não
1768-ZAIFU,fêmea,1,não,não,1,,dsl,não,não,não,mês a mês,cheque eletrônico,25.2,25.2,sim
4671-LXRDQ,macho,0,não,não,2,,dsl,não,não,não,mês a mês,cheque enviado,45.0,96.45,sim
3733-LSYCE,fêmea,0,sim,não,15,,fibra óptica,não,não,não,mês a mês,transferência bancária (automática),75.35,1114.55,não
6265-FRMTQ,macho,0,não,não,31,,não,sem serviço de internet,sem serviço de internet,sem serviço de internet,dois anos,transferência bancária (automática),20.4,609.1,não
1934-SJVJK,macho,0,não,não,1,,não,sem serviço de internet,sem serviço de internet,sem serviço de internet,mês a mês,cheque enviado,20.15,20.15,sim
3838-OZURD,macho,0,sim,não,66,,fibra óptica,não,não,sim,mês a mês,cartão de crédito (automático),105.0,7133.25,sim
1371-DWPAZ,fêmea,0,sim,sim,0,,dsl,sim,sim,sim,dois anos,cartão de crédito (automático),56.05,56.05,não
9269-CQOOL,macho,0,não,sim,3,,dsl,não,não,sim,mês a mês,cartão de crédito (automático),54.7,169.45,sim
2017-CCBLH,fêmea,0,não,não,8,,não,sem serviço de internet,sem serviço de internet,sem serviço de internet,dois anos,cheque enviado,20.0,141.6,não
7690-KPNCU,macho,0,sim,sim,64,,dsl,sim,não,sim,um ano,cartão de crédito (automático),73.05,4688.65,não
0536-BGFMZ,fêmea,0,sim,não,28,,não,sem serviço de internet,sem serviço de internet,sem serviço de internet,mês a mês,cheque enviado,20.5,563.05,não
2293-IJWPS,fêmea,0,sim,não,57,,fibra óptica,não,não,sim,um ano,cartão de crédito (automático),100.75,5985.0,não
2845-HSJCY,fêmea,0,sim,sim,14,,fibra óptica,não,não,não,mês a mês,cheque eletrônico,87.25,1258.6,sim
5469-NUJUR,macho,0,não,não,19,,não,sem serviço de internet,sem serviço de internet,sem serviço de internet,dois anos,cheque enviado,19.95,373.5,não
1184-PJVDB,macho,0,sim,não,10,,fibra óptica,não,não,sim,mês a mês,cheque eletrônico,79.95,857.2,sim
2625-TRCZQ,fêmea,0,sim,não,51,,dsl,não,não,sim,mês a mês,cheque eletrônico,49.65,2553.35,não
4102-HLENU,fêmea,0,sim,não,67,,dsl,sim,não,não,dois anos,cheque enviado,65.65,4322.85,não
7266-GSSJX,macho,0,sim,sim,11,,não,sem serviço de internet,sem serviço de internet,sem serviço de internet,mês a mês,cheque eletrônico,20.45,250.8,não
7722-VJRQD,macho,0,sim,sim,72,,dsl,sim,sim,sim,dois anos,transferência bancária (automática),60.95,4549.05,não
7073-QETQY,macho,0,sim,sim,66,,não,sem serviço de internet,sem serviço de internet,sem serviço de internet,um ano,cheque eletrônico,20.35,1359.5,não
9415-DPEWS,fêmea,0,não,não,18,,fibra óptica,não,sim,sim,mês a mês,cheque eletrônico,88.35,1639.3,sim
5624-RYAMH,fêmea,0,não,não,9,,não,sem serviço de internet,sem serviço de internet,sem serviço de internet,mês a mês,cheque eletrônico,19.5,178.85,não
0196-JTUQI,fêmea,0,não,não,9,,fibra óptica,não,não,não,mês a mês,cartão de crédito (automático),75.2,633.85,não
7130-YXBRO,macho,0,sim,não,48,,fibra óptica,sim,não,sim,mês a mês,transferência bancária (automática),111.45,5315.1,não
9272-LSVYH,macho,0,não,não,10,,fibra óptica,não,não,não,mês a mês,cheque enviado,70.15,735.5,não
7943-RQCHR,fêmea,0,não,não,9,,fibra óptica,não,não,sim,mês a mês,cheque eletrônico,94.75,889.9,sim
3793-MMFUH,fêmea,1,não,não,13,,fibra óptica,não,não,sim,mês a mês,cheque eletrônico,95.05,1290.0,sim
3249-ZPQRG,macho,0,não,não,4,,fibra óptica,não,não,não,mês a mês,cheque eletrônico,78.45,330.05,sim
2568-BRGYX,macho,0,não,não,4,,fibra óptica,não,não,não,mês a mês,cheque eletrônico,70.2,237.95,sim
3084-DOWLE,fêmea,0,sim,não,72,,dsl,sim,sim,sim,dois anos,transferência bancária (automática),92.0,6474.4,não
1084-MNSMJ,fêmea,0,sim,sim,51,,dsl,sim,sim,sim,dois anos,cartão de crédito (automático),85.5,4421.95,não
7721-JXEAW,macho,0,sim,não,59,,dsl,não,não,não,mês a mês,transferência bancária (automática),41.05,2452.7,sim
7249-WBIYX,macho,0,sim,não,10,,fibra óptica,não,não,sim,mês a mês,cheque eletrônico,85.6,813.85,sim
4238-HFHSN,macho,1,sim,não,61,,fibra óptica,não,não,não,mês a mês,cheque eletrônico,82.15,4904.85,não
6250-CGGUN,macho,0,não,não,54,,fibra óptica,sim,sim,não,um ano,cheque eletrônico,84.4,4484.05,não
5478-JJVZK,fêmea,0,não,não,33,,dsl,sim,não,não,mês a mês,cheque enviado,60.9,2033.85,não
7596-IIWYC,fêmea,0,não,não,27,,não,sem serviço de internet,sem serviço de internet,sem serviço de internet,dois anos,transferência bancária (automática),20.25,538.2,não
6567-HOOPW,fêmea,1,não,não,1,,fibra óptica,não,não,sim,mês a mês,cheque eletrônico,79.2,79.2,sim
9793-WECQC,macho,0,não,não,23,,fibra óptica,não,não,sim,mês a mês,cheque enviado,95.3,2192.9,não
4291-HPAXL,macho,0,não,sim,1,,não,sem serviço de internet,sem serviço de internet,sem serviço de internet,mês a mês,cheque enviado,19.85,19.85,não
8999-YPYBV,macho,0,sim,sim,45,,dsl,sim,sim,sim,dois anos,cheque enviado,84.35,3858.05,não
1839-FBNFR,fêmea,0,sim,sim,39,,não,sem serviço de internet,sem serviço de internet,sem serviço de internet,dois anos,transferência bancária (automática),19.85,854.8,não
3164-AALRN,macho,0,não,não,5,,dsl,não,não,sim,um ano,cheque enviado,70.0,347.4,sim
3071-MVJCD,macho,0,sim,sim,72,,dsl,sim,sim,sim,dois anos,transferência bancária (automática),82.3,5815.15,não
1697-BCSHV,fêmea,0,sim,sim,58,,dsl,não,não,sim,mês a mês,transferência bancária (automática),66.8,3970.4,não
0562-KBDVM,fêmea,0,não,não,70,,dsl,sim,sim,não,dois anos,transferência bancária (automática),44.6,3058.15,não
1131-SUEKT,macho,0,sim,sim,61,,fibra óptica,não,sim,sim,um ano,transferência bancária (automática),98.45,6145.2,não
3717-OEAUQ,macho,0,não,não,2,,fibra óptica,não,não,não,mês a mês,cheque enviado,70.7,129.2,não
4538-WNTMJ,fêmea,0,sim,sim,46,,não,sem serviço de internet,sem serviço de internet,sem serviço de internet,um ano,cheque enviado,24.95,1165.9,não
3334-CTHOL,fêmea,0,não,não,1,,dsl,não,não,não,mês a mês,transferência bancária (automática),49.95,49.95,sim
4704-ERYFC,fêmea,0,sim,não,22,,fibra óptica,não,não,não,mês a mês,cheque eletrônico,69.25,1554.0,sim
9432-RUVSL,fêmea,0,não,não,48,,fibra óptica,sim,sim,sim,dois anos,cartão de crédito (automático),102.5,4904.25,não
8060-HIWJJ,macho,0,não,não,64,,dsl,não,sim,sim,dois anos,cartão de crédito (automático),86.55,5632.55,não
7684-XSZIY,macho,0,sim,sim,72,,não,sem serviço de internet,sem serviço de internet,sem serviço de internet,dois anos,transferência bancária (automática),24.3,1643.25,não
9089-UOWJG,fêmea,0,sim,sim,12,,dsl,não,não,sim,mês a mês,cartão de crédito (automático),58.35,740.55,não
8621-MNIHH,fêmea,1,sim,não,34,,fibra óptica,não,não,não,mês a mês,cheque eletrônico,94.25,3217.55,sim
8039-ACLPL,fêmea,0,sim,sim,72,,dsl,sim,não,não,dois anos,cartão de crédito (automático),68.75,4888.2,não
9885-AIBVB,macho,0,sim,não,29,,fibra óptica,não,não,não,mês a mês,cheque eletrônico,85.8,2440.25,não
1934-MKPXS,macho,0,sim,sim,33,,não,sem serviço de internet,sem serviço de internet,sem serviço de internet,um ano,cartão de crédito (automático),20.1,620.55,não
2592-YKDIF,fêmea,0,não,não,1,,não,sem serviço de internet,sem serviço de internet,sem serviço de internet,mês a mês,cheque enviado,20.35,20.35,não
2272-JKMSI,fêmea,0,sim,sim,62,,fibra óptica,não,sim,sim,um ano,cheque eletrônico,110.8,6840.95,não
0471-LVHGK,macho,0,sim,não,41,,dsl,não,não,sim,um ano,cheque eletrônico,73.0,3001.2,sim
9518-RWHZL,fêmea,0,não,não,64,,fibra óptica,não,não,sim,um ano,cartão de crédito (automático),100.05,6254.2,sim
8714-CTZJW,fêmea,0,não,não,4,,fibra óptica,não,não,não,mês a mês,cartão de crédito (automático),82.85,319.6,não
3569-EDBPQ,fêmea,0,não,não,24,,fibra óptica,sim,sim,não,mês a mês,cheque eletrônico,84.35,1938.05,não
3131-NWVFJ,fêmea,0,sim,sim,14,,não,sem serviço de internet,sem serviço de internet,sem serviço de internet,um ano,cheque enviado,19.55,294.5,não
7521-YXVZY,macho,0,não,sim,3,,não,sem serviço de internet,sem serviço de internet,sem serviço de internet,mês a mês,cheque enviado,19.95,58.3,não
5419-CONWX,fêmea,1,não,não,4,,fibra óptica,não,não,sim,mês a mês,cartão de crédito (automático),99.8,442.85,sim
6240-EURKS,fêmea,0,não,sim,18,,dsl,não,não,não,mês a mês,cheque eletrônico,35.0,553.0,sim
2373-NTKOD,macho,0,não,não,8,,dsl,não,não,sim,mês a mês,cheque eletrônico,66.25,546.45,não
1970-KKFWL,fêmea,0,não,não,35,,não,sem serviço de internet,sem serviço de internet,sem serviço de internet,dois anos,transferência bancária (automática),23.3,797.1,não
6960-HVYXR,fêmea,0,não,não,1,,fibra óptica,não,não,não,mês a mês,cheque eletrônico,76.0,76.0,sim
9337-SRRNI,macho,0,não,sim,66,,não,sem serviço de internet,sem serviço de internet,sem serviço de internet,dois anos,cartão de crédito (automático),25.3,1673.8,não
0895-UADGO,macho,0,não,sim,8,,dsl,sim,sim,não,dois anos,cheque enviado,44.55,343.45,não
5678-VFNEQ,fêmea,0,sim,não,71,,fibra óptica,sim,não,sim,um ano,cartão de crédito (automático),104.1,7412.25,não
5977-CKHON,fêmea,0,sim,sim,43,,fibra óptica,não,não,não,mês a mês,transferência bancária (automática),92.55,4039.0,não
7024-OHCCK,fêmea,1,não,não,2,,fibra óptica,não,não,sim,mês a mês,cheque eletrônico,93.85,170.85,sim
2692-BUCFV,macho,1,não,não,29,,fibra óptica,não,não,sim,mês a mês,transferência bancária (automática),101.45,2948.6,não
7861-UVUFT,fêmea,0,sim,não,15,,fibra óptica,não,não,sim,mês a mês,cheque eletrônico,84.3,1308.4,sim
1830-GGFNM,macho,0,sim,sim,65,,fibra óptica,sim,sim,não,dois anos,cartão de crédito (automático),94.55,6078.75,não
5302-BDJNT,macho,0,não,não,35,,fibra óptica,não,sim,sim,mês a mês,cheque eletrônico,95.5,3418.2,não
5223-UZAVK,macho,0,não,não,64,,fibra óptica,sim,não,sim,um ano,cartão de crédito (automático),100.3,6603.8,não
4859-ZSRDZ,fêmea,0,sim,sim,58,,dsl,não,sim,sim,dois anos,cartão de crédito (automático),55.5,3166.9,não
5651-WYIPH,fêmea,1,não,não,18,,dsl,não,não,não,mês a mês,cartão de crédito (automático),49.85,865.75,não
9350-VLHMB,macho,0,sim,sim,67,,fibra óptica,não,não,não,mês a mês,transferência bancária (automática),89.55,6373.1,não
3498-LZGQZ,macho,0,sim,sim,63,,não,sem serviço de internet,sem serviço de internet,sem serviço de internet,dois anos,cheque enviado,19.15,1177.05,não
8785-CJSHH,fêmea,0,sim,não,60,,fibra óptica,não,não,sim,mês a mês,cheque eletrônico,99.8,5985.75,não
5357-TZHPP,macho,1,não,não,9,,fibra óptica,não,não,não,mês a mês,cartão de crédito (automático),84.4,732.5,sim
3870-SPZSI,fêmea,0,sim,sim,70,,fibra óptica,sim,sim,sim,dois anos,cartão de crédito (automático),113.05,7869.05,não
0680-DFNNY,macho,0,sim,não,15,,fibra óptica,não,não,sim,mês a mês,cheque eletrônico,101.1,1504.05,sim
7560-QRBXH,fêmea,0,não,sim,48,,não,sem serviço de internet,sem serviço de internet,sem serviço de internet,um ano,cheque enviado,19.95,936.7,não
7077-XJMET,macho,0,sim,não,12,,dsl,não,sim,sim,mês a mês,cheque eletrônico,74.15,741.4,não
8752-GHJFU,macho,1,sim,não,71,,fibra óptica,sim,sim,não,um ano,cheque eletrônico,92.0,6585.2,não
6896-SRVYQ,macho,1,não,não,44,,fibra óptica,não,não,não,mês a mês,cheque eletrônico,73.85,3122.4,não
7767-UXAGJ,macho,0,não,não,1,,dsl,não,não,não,mês a mês,cheque eletrônico,50.45,50.45,sim
4652-ODEVH,macho,0,sim,sim,45,,não,sem serviço de internet,sem serviço de internet,sem serviço de internet,dois anos,cheque enviado,24.45,1088.25,não
6510-UPNKS,fêmea,0,não,não,23,,não,sem serviço de internet,sem serviço de internet,sem serviço de internet,um ano,cartão de crédito (automático),24.8,615.35,não
6718-BDGHG,fêmea,0,sim,não,43,,dsl,não,sim,sim,um ano,transferência bancária (automática),64.85,2908.2,não
9046-DQMTP,macho,0,não,não,35,,não,sem serviço de internet,sem serviço de internet,sem serviço de internet,mês a mês,transferência bancária (automática),20.75,739.9,não
6439-LAJXL,macho,0,sim,não,9,,dsl,sim,sim,sim,mês a mês,cheque enviado,68.95,593.85,não
1571-SAVHK,macho,0,não,não,12,,fibra óptica,não,sim,sim,mês a mês,cheque enviado,99.95,1132.75,sim
9052-VKDUW,fêmea,1,sim,não,65,,fibra óptica,sim,não,sim,mês a mês,cartão de crédito (automático),109.4,7227.45,não
9546-CQJSU,fêmea,0,não,não,2,,fibra óptica,não,não,sim,mês a mês,cheque eletrônico,91.4,193.6,sim
1666-JZPZT,macho,0,não,não,27,,dsl,não,não,não,mês a mês,cheque enviado,49.0,1291.35,não
5777-KJIRB,fêmea,0,não,não,40,,dsl,não,não,não,um ano,cheque enviado,50.25,2023.55,não
0506-LVNGN,fêmea,1,não,não,5,,fibra óptica,não,não,não,mês a mês,cartão de crédito (automático),75.55,349.65,sim
7677-SJJJK,macho,0,sim,sim,8,,não,sem serviço de internet,sem serviço de internet,sem serviço de internet,um ano,cartão de crédito (automático),19.9,153.95,não
2480-EJWYP,fêmea,1,sim,não,58,,fibra óptica,não,não,sim,um ano,transferência bancária (automática),97.8,5458.8,não
3253-HKOKL,fêmea,0,sim,sim,52,,fibra óptica,sim,não,sim,um ano,cheque eletrônico,100.3,5244.45,não
7055-HNEOJ,macho,0,sim,não,3,,dsl,não,sim,não,mês a mês,cheque enviado,55.8,154.55,não
5514-YQENT,macho,0,não,sim,41,,fibra óptica,sim,sim,sim,dois anos,cheque eletrônico,111.15,4507.15,não
3211-AAPKX,macho,0,não,não,20,,fibra óptica,não,sim,sim,mês a mês,cheque enviado,98.55,2031.95,não
8445-DNBAE,macho,0,não,sim,1,,dsl,não,não,não,mês a mês,cheque eletrônico,50.05,50.05,não
2951-QOQTK,macho,0,não,sim,4,,fibra óptica,não,sim,não,mês a mês,cartão de crédito (automático),80.8,332.45,sim
2958-NHPPS,macho,0,não,não,23,,não,sem serviço de internet,sem serviço de internet,sem serviço de internet,mês a mês,cheque eletrônico,20.85,473.9,não
6806-YDEUL,fêmea,1,não,não,6,,não,sem serviço de internet,sem serviço de internet,sem serviço de internet,mês a mês,transferência bancária (automática),19.5,106.8,não
1735-XMJVH,macho,0,sim,sim,8,,não,sem serviço de internet,sem serviço de internet,sem serviço de internet,mês a mês,cheque enviado,19.35,152.6,não
6890-PFRQX,macho,0,não,não,18,,dsl,sim,não,sim,mês a mês,cheque enviado,69.5,1199.4,não
0222-CNVPT,macho,1,não,não,52,,dsl,sim,não,sim,mês a mês,cartão de crédito (automático),48.8,2555.05,não
5899-OUVKV,macho,0,não,não,31,,fibra óptica,não,não,sim,mês a mês,cheque eletrônico,94.5,2979.2,não
8681-ICONS,macho,0,sim,sim,29,,não,sem serviço de internet,sem serviço de internet,sem serviço de internet,mês a mês,cheque enviado,20.65,654.85,não
1621-YNCJH,fêmea,0,sim,não,36,,fibra óptica,sim,sim,não,dois anos,cartão de crédito (automático),106.05,3834.4,não
3473-XIIIT,fêmea,0,sim,não,16,,fibra óptica,não,não,sim,mês a mês,cheque eletrônico,100.0,1534.75,sim
6362-QHAFM,macho,0,sim,não,42,,fibra óptica,não,sim,sim,um ano,cheque eletrônico,108.3,4586.15,não
7893-IXHRQ,macho,0,não,não,1,,não,sem serviço de internet,sem serviço de internet,sem serviço de internet,mês a mês,cheque eletrônico,20.55,20.55,sim
3070-BDOQC,fêmea,0,não,não,60,,fibra óptica,não,não,sim,dois anos,cheque eletrônico,99.65,5941.05,não
2952-QAYZF,macho,0,não,não,5,,fibra óptica,não,não,não,mês a mês,cheque eletrônico,85.3,424.15,sim
6234-PFPXL,macho,0,sim,não,22,,fibra óptica,sim,sim,sim,mês a mês,cartão de crédito (automático),95.9,2234.95,não
9824-QCJPK,macho,0,sim,não,36,,não,sem serviço de internet,sem serviço de internet,sem serviço de internet,um ano,cheque enviado,20.0,666.75,não
4763-PGDPO,fêmea,0,não,não,4,,fibra óptica,não,não,não,mês a mês,cheque eletrônico,70.4,281.0,sim
4283-IVYCI,macho,0,não,não,9,,dsl,sim,sim,não,mês a mês,cheque enviado,64.95,547.8,não
1866-OBPNR,macho,0,sim,sim,1,,fibra óptica,não,não,não,mês a mês,cartão de crédito (automático),74.6,74.6,não
8205-MQUGY,macho,0,sim,sim,12,,dsl,sim,não,não,mês a mês,cheque eletrônico,49.2,571.15,não
8970-ANWXO,fêmea,0,não,não,23,,dsl,não,sim,sim,um ano,cheque enviado,73.75,1756.6,não
9480-BQJEI,macho,0,não,não,62,,fibra óptica,sim,não,não,um ano,transferência bancária (automática),92.3,5731.45,não
5394-SVGJV,macho,0,não,não,37,,fibra óptica,não,sim,sim,mês a mês,transferência bancária (automática),98.8,3475.55,sim
6979-TNDEU,fêmea,0,não,não,8,,não,sem serviço de internet,sem serviço de internet,sem serviço de internet,mês a mês,cheque enviado,19.2,156.85,não
9777-WJJPR,macho,0,sim,não,31,,fibra óptica,não,não,sim,mês a mês,cartão de crédito (automático),88.65,2683.2,não
9283-LZQOH,macho,0,sim,sim,13,,fibra óptica,não,não,não,mês a mês,cartão de crédito (automático),74.4,896.75,sim
7079-QRCBC,fêmea,0,não,não,24,,fibra óptica,não,não,sim,mês a mês,cheque eletrônico,98.75,2407.3,sim
9495-SKLKD,macho,0,sim,sim,45,,fibra óptica,não,não,não,mês a mês,transferência bancária (automática),95.95,4456.65,não
6048-UWKAL,fêmea,1,sim,não,69,,fibra óptica,não,sim,sim,dois anos,cartão de crédito (automático),105.4,6998.95,não
5067-DGXLL,macho,0,não,não,2,,não,sem serviço de internet,sem serviço de internet,sem serviço de internet,mês a mês,cheque enviado,20.25,36.8,não
5469-CTCWN,macho,0,sim,sim,61,,fibra óptica,sim,não,sim,um ano,cheque eletrônico,106.0,6547.7,sim
9851-QXEEQ,macho,0,não,não,41,,fibra óptica,não,não,sim,mês a mês,cheque eletrônico,104.7,4346.4,sim
6281-FKEWS,fêmea,0,não,não,44,,dsl,não,não,sim,um ano,cheque eletrônico,49.05,2265.0,não
8898-KASCD,macho,0,não,não,39,,dsl,não,sim,não,um ano,cheque enviado,35.55,1309.15,não
9242-TKFSV,macho,0,sim,sim,72,,dsl,sim,sim,sim,dois anos,cartão de crédito (automático),65.1,4754.3,não
9290-SHCMB,fêmea,1,não,não,13,,fibra óptica,não,não,sim,mês a mês,cheque eletrônico,96.85,1235.55,não
0743-HNPFG,fêmea,0,sim,sim,51,,dsl,sim,sim,não,um ano,cartão de crédito (automático),69.75,3562.5,não
2277-BKJKN,fêmea,1,sim,não,71,,fibra óptica,não,não,sim,dois anos,cheque eletrônico,99.2,7213.75,não
9809-IMGCQ,macho,1,não,não,22,,fibra óptica,não,não,sim,mês a mês,cheque eletrônico,96.7,2082.95,sim
5208-HFSBT,fêmea,0,não,não,2,,dsl,não,sim,não,mês a mês,cartão de crédito (automático),55.05,102.75,sim
5035-PGZXH,fêmea,0,não,não,56,,fibra óptica,não,não,sim,um ano,cheque eletrônico,106.8,5914.4,não
8695-WDYEA,macho,0,não,não,1,,dsl,sim,não,não,mês a mês,cheque enviado,51.25,51.25,não
6543-JXSOO,fêmea,0,sim,sim,23,,dsl,sim,sim,não,um ano,cheque enviado,57.75,1282.85,não
8016-ZMGMO,fêmea,1,sim,não,66,,dsl,não,não,sim,um ano,transferência bancária (automática),70.85,4738.85,não
8605-ITULD,fêmea,0,não,não,1,,não,sem serviço de internet,sem serviço de internet,sem serviço de internet,mês a mês,cheque enviado,19.55,19.55,não
3254-YRILK,macho,1,não,não,19,,fibra óptica,não,não,sim,mês a mês,cheque eletrônico,88.2,1775.8,sim
6416-YJTTB,macho,0,não,não,11,,fibra óptica,sim,não,não,mês a mês,transferência bancária (automática),79.5,795.65,não
2667-WYLWJ,fêmea,0,sim,sim,8,,não,sem serviço de internet,sem serviço de internet,sem serviço de internet,um ano,cheque enviado,19.75,145.0,sim
4472-VESGY,fêmea,0,sim,sim,52,,fibra óptica,sim,não,não,mês a mês,transferência bancária (automática),98.15,4993.4,não
3195-TQDZX,macho,0,não,não,3,,não,sem serviço de internet,sem serviço de internet,sem serviço de internet,mês a mês,cheque eletrônico,20.25,61.45,não
3128-YOVTD,fêmea,0,sim,sim,51,,fibra óptica,sim,não,não,mês a mês,transferência bancária (automática),79.15,4018.55,não
0529-ONKER,macho,1,não,não,15,,fibra óptica,não,não,não,mês a mês,cheque eletrônico,75.65,1146.65,sim
1728-CXQBE,macho,1,sim,não,64,,fibra óptica,não,não,não,mês a mês,cheque eletrônico,94.25,6081.4,não
7041-TXQJH,fêmea,0,não,não,37,,dsl,não,não,não,mês a mês,cartão de crédito (automático),40.2,1478.85,não
5014-GSOUQ,macho,0,não,não,13,,não,sem serviço de internet,sem serviço de internet,sem serviço de internet,dois anos,cheque enviado,19.95,243.65,não
5724-BIDBU,macho,0,sim,não,49,,dsl,sim,não,não,um ano,cheque eletrônico,55.35,2633.95,não
0481-SUMCB,fêmea,1,não,não,45,,fibra óptica,não,não,sim,um ano,transferência bancária (automática),102.15,4735.35,não
1769-GRUIK,fêmea,0,não,não,18,,fibra óptica,não,não,não,mês a mês,cheque eletrônico,71.1,1247.75,não
5240-IJOQT,macho,1,não,não,1,,fibra óptica,não,não,não,mês a mês,cheque eletrônico,74.7,74.7,sim
8819-WFGGJ,macho,0,sim,não,68,,dsl,sim,não,sim,dois anos,transferência bancária (automática),54.1,3794.5,não
7427-AUFPY,macho,0,não,não,54,,não,sem serviço de internet,sem serviço de internet,sem serviço de internet,dois anos,cartão de crédito (automático),19.65,1008.7,não
2811-POVEX,fêmea,1,sim,sim,23,,fibra óptica,não,não,não,mês a mês,transferência bancária (automática),88.45,2130.55,não
1092-GANHU,macho,0,não,não,17,,fibra óptica,não,não,não,mês a mês,cheque eletrônico,76.65,1313.55,sim
7898-PDWQE,macho,0,sim,não,71,,dsl,sim,sim,não,dois anos,cartão de crédito (automático),80.4,5727.15,não
9972-EWRJS,fêmea,0,sim,sim,67,,não,sem serviço de internet,sem serviço de internet,sem serviço de internet,dois anos,transferência bancária (automática),19.25,1372.9,não
9314-IJWSQ,fêmea,0,sim,sim,14,,fibra óptica,não,não,sim,mês a mês,cheque eletrônico,84.8,1203.9,não
0661-XEYAN,fêmea,1,não,não,1,,dsl,não,não,não,mês a mês,cheque enviado,25.8,25.8,sim
5799-JRCZO,fêmea,0,não,sim,63,,não,sem serviço de internet,sem serviço de internet,sem serviço de internet,dois anos,cartão de crédito (automático),19.5,1215.1,não
1921-KYSAY,fêmea,0,não,não,41,,dsl,não,sim,não,um ano,cheque eletrônico,68.6,2877.05,não
6198-RTPMF,fêmea,0,sim,não,17,,fibra óptica,não,não,sim,mês a mês,cheque eletrônico,92.6,1579.7,não
2924-KHUVI,macho,0,sim,não,56,,fibra óptica,sim,não,sim,um ano,cheque eletrônico,100.55,5514.95,não
1925-GMVBW,fêmea,0,não,não,5,,não,sem serviço de internet,sem serviço de internet,sem serviço de internet,mês a mês,cartão de crédito (automático),20.55,96.1,não
7881-EVUAD,fêmea,0,não,não,2,,dsl,sim,não,não,mês a mês,cheque eletrônico,42.6,72.4,sim
6184-DYUOB,fêmea,0,sim,não,3,,não,sem serviço de internet,sem serviço de internet,sem serviço de internet,mês a mês,cheque enviado,19.6,55.25,não
9207-ZPANB,macho,0,não,não,37,,dsl,sim,sim,não,um ano,cheque eletrônico,67.45,2443.3,não
5766-XQXMQ,fêmea,0,não,não,29,,dsl,sim,não,não,mês a mês,transferência bancária (automática),68.85,1970.5,sim
9327-QSDED,macho,0,não,não,8,,dsl,não,não,não,mês a mês,cheque enviado,43.55,335.4,não
1656-DRSMG,fêmea,0,não,não,63,,fibra óptica,não,sim,sim,mês a mês,cartão de crédito (automático),109.85,7002.95,não
3012-VFFMN,fêmea,0,sim,sim,7,,não,sem serviço de internet,sem serviço de internet,sem serviço de internet,mês a mês,cheque enviado,20.65,158.95,não
2984-AFWNC,fêmea,0,não,não,3,,fibra óptica,não,não,sim,mês a mês,cheque eletrônico,95.4,293.15,não
0640-YJTPY,macho,0,sim,sim,72,,não,sem serviço de internet,sem serviço de internet,sem serviço de internet,dois anos,transferência bancária (automática),21.0,1493.75,não
8096-LOIST,fêmea,0,não,não,19,,dsl,não,não,não,mês a mês,cheque eletrônico,56.2,1093.4,não
9764-REAFF,fêmea,0,sim,não,59,,não,sem serviço de internet,sem serviço de internet,sem serviço de internet,dois anos,transferência bancária (automática),18.4,1057.85,não
3703-VAVCL,macho,0,sim,sim,2,,fibra óptica,não,sim,não,mês a mês,cartão de crédito (automático),90.0,190.05,sim
7107-UBYKY,fêmea,0,sim,sim,35,,não,sem serviço de internet,sem serviço de internet,sem serviço de internet,mês a mês,cheque eletrônico,25.75,882.55,não
4881-GQJTW,macho,0,não,não,14,,não,sem serviço de internet,sem serviço de internet,sem serviço de internet,mês a mês,cartão de crédito (automático),19.6,300.4,não
8519-QJGJD,fêmea,0,não,não,14,,fibra óptica,não,não,não,mês a mês,cheque eletrônico,75.35,1025.95,sim
7876-DNYAP,fêmea,0,sim,sim,69,,não,sem serviço de internet,sem serviço de internet,sem serviço de internet,dois anos,cartão de crédito (automático),19.8,1436.95,não
7905-NJMXS,macho,1,sim,não,7,,dsl,sim,sim,não,mês a mês,cheque eletrônico,64.2,475.0,não
2882-WDTBA,macho,0,sim,sim,69,,dsl,sim,sim,sim,dois anos,transferência bancária (automática),75.75,5388.15,não
2091-GPPIQ,fêmea,0,sim,sim,72,,dsl,não,sim,sim,dois anos,cheque eletrônico,78.95,5730.15,não
6326-MTTXK,macho,0,não,não,8,,fibra óptica,não,não,sim,mês a mês,cheque eletrônico,100.85,819.55,sim
5071-FBJFS,fêmea,0,sim,sim,4,,dsl,sim,não,não,mês a mês,cheque eletrônico,50.3,217.1,não
2796-UUZZO,macho,0,sim,sim,63,,fibra óptica,não,não,não,mês a mês,cartão de crédito (automático),80.3,4896.35,não
2429-AYKKO,macho,0,não,não,72,,não,sem serviço de internet,sem serviço de internet,sem serviço de internet,dois anos,transferência bancária (automática),19.85,1434.1,não
9798-OPFEM,fêmea,0,não,não,46,,não,sem serviço de internet,sem serviço de internet,sem serviço de internet,dois anos,cheque eletrônico,21.1,937.1,não
0330-IVZHA,fêmea,0,sim,não,5,,fibra óptica,não,não,não,mês a mês,cheque eletrônico,69.95,330.15,sim
3794-NFNCH,macho,0,sim,não,30,,dsl,não,não,não,mês a mês,cheque enviado,50.0,1474.9,não
5193-QLVZB,macho,0,não,não,63,,fibra óptica,não,não,sim,dois anos,transferência bancária (automática),104.75,6536.5,não
7114-AEOZE,fêmea,0,não,não,60,,não,sem serviço de internet,sem serviço de internet,sem serviço de internet,dois anos,transferência bancária (automática),19.85,1128.1,não
2886-KEFUM,fêmea,0,sim,não,63,,fibra óptica,não,não,sim,um ano,cheque eletrônico,107.5,6873.75,sim
5522-NYKPB,macho,0,sim,sim,25,,fibra óptica,não,sim,sim,mês a mês,cheque eletrônico,85.9,2199.05,não
4237-RLAQD,macho,0,não,não,1,,dsl,não,não,não,mês a mês,cheque enviado,45.85,45.85,sim
9957-YODKZ,macho,1,sim,não,6,,fibra óptica,não,não,não,mês a mês,cheque eletrônico,80.8,457.1,não
6518-KZXCB,macho,0,não,não,22,,não,sem serviço de internet,sem serviço de internet,sem serviço de internet,dois anos,cheque enviado,25.25,566.5,não
2245-ADZFJ,fêmea,0,sim,sim,31,,dsl,não,sim,sim,dois anos,transferência bancária (automática),80.55,2471.6,não
7776-QGYJC,fêmea,0,sim,sim,39,,fibra óptica,não,sim,não,mês a mês,transferência bancária (automática),81.5,3107.3,não
9313-QOLTZ,macho,0,não,não,26,,não,sem serviço de internet,sem serviço de internet,sem serviço de internet,mês a mês,cheque enviado,20.9,518.3,não
9651-GTSAQ,fêmea,0,sim,não,53,,fibra óptica,sim,não,sim,um ano,transferência bancária (automática),106.1,5769.75,sim
3186-BAXNB,fêmea,0,não,não,1,,fibra óptica,não,sim,sim,mês a mês,cheque eletrônico,91.7,91.7,sim
4672-FOTSD,macho,0,não,não,12,,dsl,sim,sim,não,mês a mês,cheque eletrônico,67.25,832.3,não
0637-YLETY,fêmea,0,não,não,16,,fibra óptica,não,não,não,mês a mês,cartão de crédito (automático),95.6,1555.65,sim
9818-XQCUV,fêmea,0,não,não,2,,não,sem serviço de internet,sem serviço de internet,sem serviço de internet,mês a mês,cheque enviado,20.35,45.3,não
7338-ERIVA,macho,0,não,sim,39,,dsl,sim,sim,sim,um ano,transferência bancária (automática),45.05,1790.6,não
1157-BQCUW,macho,0,não,não,1,,fibra óptica,não,não,não,mês a mês,cheque eletrônico,74.95,74.95,sim
8259-NFJTV,fêmea,0,sim,sim,7,,dsl,sim,sim,não,mês a mês,cheque enviado,34.65,246.6,não
3223-DWFIO,macho,1,não,não,4,,fibra óptica,não,não,não,mês a mês,cheque eletrônico,69.35,261.65,não
2660-EMUBI,macho,1,não,não,10,,fibra óptica,não,não,sim,mês a mês,cheque eletrônico,95.35,898.35,sim
6968-GMKPR,fêmea,0,não,não,55,,fibra óptica,não,não,não,mês a mês,cheque eletrônico,81.55,4509.5,não
4751-ERMAN,macho,0,sim,sim,72,,dsl,não,não,sim,dois anos,transferência bancária (automática),75.4,5480.25,não
1436-ZMJAN,fêmea,0,sim,não,10,,dsl,não,não,sim,mês a mês,cartão de crédito (automático),67.8,653.15,não
3292-PBZEJ,macho,1,não,não,11,,fibra óptica,não,sim,sim,mês a mês,cheque eletrônico,111.4,1183.05,não
0799-DDIHE,fêmea,0,sim,sim,15,,dsl,não,não,não,mês a mês,cheque eletrônico,46.3,639.45,não
3070-FNFZQ,fêmea,0,sim,sim,23,,não,sem serviço de internet,sem serviço de internet,sem serviço de internet,dois anos,transferência bancária (automática),20.4,478.75,não
2812-SFXMJ,macho,0,não,sim,1,,não,sem serviço de internet,sem serviço de internet,sem serviço de internet,mês a mês,cheque enviado,20.05,20.05,não
7675-OZCZG,fêmea,1,não,não,3,,dsl,não,não,não,mês a mês,cheque eletrônico,45.0,127.1,sim
5014-WUQMG,macho,0,sim,sim,47,,fibra óptica,sim,não,não,um ano,cheque eletrônico,96.1,4391.45,não
5312-TSZVC,fêmea,0,não,sim,15,,não,sem serviço de internet,sem serviço de internet,sem serviço de internet,um ano,cheque enviado,19.65,270.6,não
2003-CKLOR,macho,0,não,não,66,,fibra óptica,não,não,sim,mês a mês,cheque eletrônico,99.5,6710.5,sim
0993-OSGPT,fêmea,1,sim,não,68,,dsl,não,sim,não,um ano,transferência bancária (automática),60.65,3975.9,não
9254-RBFON,fêmea,0,sim,sim,17,,fibra óptica,não,sim,sim,um ano,transferência bancária (automática),98.6,1704.95,sim
1205-WNWPJ,fêmea,0,não,não,7,,dsl,não,sim,sim,mês a mês,cheque enviado,59.5,415.95,sim
9391-EOYLI,macho,1,sim,não,12,,fibra óptica,não,não,não,mês a mês,cheque eletrônico,80.45,950.2,sim
7108-DGVUU,fêmea,1,sim,não,21,,dsl,não,não,não,um ano,transferência bancária (automática),71.7,1497.05,não
2782-JEEBU,macho,0,não,não,21,,dsl,não,sim,não,mês a mês,cheque enviado,36.0,780.15,não
5127-BZENZ,fêmea,0,sim,sim,56,,dsl,sim,não,sim,um ano,transferência bancária (automática),65.2,3512.15,não
2720-FVBQP,fêmea,0,sim,sim,6,,dsl,não,não,não,mês a mês,cartão de crédito (automático),48.95,273.25,não
9906-NHHVC,fêmea,1,não,não,65,,dsl,não,não,sim,dois anos,transferência bancária (automática),53.5,3517.9,não
4522-XRWWI,macho,0,sim,não,42,,dsl,sim,sim,sim,um ano,cartão de crédito (automático),80.45,3375.9,não
3766-EJLFL,fêmea,0,sim,sim,68,,fibra óptica,sim,sim,sim,dois anos,transferência bancária (automática),109.05,7508.55,não
5939-SXWHM,macho,0,sim,sim,48,,não,sem serviço de internet,sem serviço de internet,sem serviço de internet,dois anos,transferência bancária (automática),26.3,1245.05,não
8152-UOBNY,fêmea,1,não,não,50,,fibra óptica,não,sim,sim,um ano,cheque eletrônico,106.8,5347.95,não
7351-KYHQH,fêmea,1,não,não,7,,dsl,não,não,sim,mês a mês,cheque eletrônico,64.95,493.65,não
7643-RCHXS,fêmea,0,sim,sim,63,,não,sem serviço de internet,sem serviço de internet,sem serviço de internet,dois anos,cheque eletrônico,19.35,1263.85,não
8246-SHFGA,macho,0,não,não,17,,não,sem serviço de internet,sem serviço de internet,sem serviço de internet,mês a mês,cartão de crédito (automático),21.1,385.55,não
8387-MOJJT,fêmea,0,sim,sim,42,,fibra óptica,não,não,sim,mês a mês,cartão de crédito (automático),77.95,3384.0,sim
0620-XEFWH,macho,0,sim,sim,4,,não,sem serviço de internet,sem serviço de internet,sem serviço de internet,mês a mês,cheque enviado,18.85,84.2,não
6485-QXWWE,fêmea,0,não,sim,62,,não,sem serviço de internet,sem serviço de internet,sem serviço de internet,dois anos,transferência bancária (automática),26.0,1638.7,não
2761-OCIAX,macho,1,não,não,2,,fibra óptica,não,não,não,mês a mês,cheque eletrônico,74.7,165.4,sim
7321-VGNKU,fêmea,0,sim,não,2,,fibra óptica,não,não,não,mês a mês,cheque eletrônico,70.35,120.25,não
5327-CNLUQ,macho,0,sim,não,48,,fibra óptica,sim,não,sim,dois anos,transferência bancária (automática),96.9,4473.45,não
7552-KEYGT,macho,0,sim,não,27,,não,sem serviço de internet,sem serviço de internet,sem serviço de internet,dois anos,transferência bancária (automática),19.55,520.55,não
5816-JMLGY,fêmea,0,sim,sim,70,,dsl,não,sim,sim,dois anos,transferência bancária (automática),80.4,5717.85,não
3068-OMWZA,macho,1,não,não,1,,fibra óptica,não,não,sim,mês a mês,cheque eletrônico,88.8,88.8,sim
2927-QRRQV,macho,0,sim,não,46,,fibra óptica,não,não,sim,um ano,cheque eletrônico,94.65,4312.5,não
6032-KRXXO,macho,0,não,não,30,,fibra óptica,não,não,sim,mês a mês,cheque eletrônico,90.25,2755.35,sim
7459-RRWQZ,fêmea,0,não,não,15,,dsl,sim,não,não,mês a mês,transferência bancária (automática),64.65,994.55,sim
6265-SXWBU,macho,0,sim,sim,69,,fibra óptica,não,não,sim,um ano,cartão de crédito (automático),95.75,6511.25,não
7941-RCJOW,macho,0,não,não,65,,não,sem serviço de internet,sem serviço de internet,sem serviço de internet,dois anos,cartão de crédito (automático),19.55,1218.65,não
6374-NTQLP,macho,1,sim,sim,72,,fibra óptica,sim,sim,sim,dois anos,cartão de crédito (automático),104.1,7447.7,não
4154-AQUGT,macho,1,sim,não,13,,fibra óptica,não,sim,não,mês a mês,transferência bancária (automática),89.05,1169.35,sim
2387-KDZQY,macho,0,não,não,17,,não,sem serviço de internet,sem serviço de internet,sem serviço de internet,um ano,cheque enviado,20.1,279.5,não
3584-WKTTW,macho,0,sim,não,51,,fibra óptica,sim,sim,sim,um ano,cheque eletrônico,111.55,5720.35,não
3399-BMLVW,macho,0,sim,sim,51,,dsl,sim,sim,não,dois anos,cartão de crédito (automático),60.5,3121.45,não
1971-DTCZB,fêmea,0,sim,não,72,,dsl,sim,sim,sim,dois anos,transferência bancária (automática),90.95,6468.6,não
3092-IGHWF,macho,0,sim,sim,67,,fibra óptica,não,não,não,um ano,cheque eletrônico,87.4,5918.8,sim
3374-PZLXD,macho,0,não,não,34,,não,sem serviço de internet,sem serviço de internet,sem serviço de internet,mês a mês,cheque enviado,19.7,675.6,não
3813-DHBBB,macho,0,sim,não,67,,dsl,sim,sim,não,dois anos,transferência bancária (automática),50.95,3521.7,não
2812-REYAT,fêmea,0,sim,não,49,,não,sem serviço de internet,sem serviço de internet,sem serviço de internet,um ano,transferência bancária (automática),20.05,923.1,não
6518-PPLMZ,macho,0,sim,sim,53,,não,sem serviço de internet,sem serviço de internet,sem serviço de internet,dois anos,cheque enviado,19.4,1110.35,não
4939-KYYPY,macho,0,não,não,27,,dsl,não,sim,não,mês a mês,cheque eletrônico,59.45,1611.65,não
8017-LXHFA,fêmea,1,não,não,23,,fibra óptica,não,não,sim,mês a mês,cheque eletrônico,94.75,2293.6,sim
5930-GBIWP,macho,0,não,não,69,,dsl,sim,sim,não,dois anos,cartão de crédito (automático),81.5,5553.25,não
6022-KOUQO,fêmea,0,sim,sim,2,,dsl,não,sim,não,mês a mês,transferência bancária (automática),29.05,44.75,não
6352-TWCAU,fêmea,0,não,não,35,,fibra óptica,não,não,sim,mês a mês,cheque eletrônico,86.45,3029.1,sim
2361-UPSND,fêmea,0,sim,não,46,,dsl,sim,sim,não,um ano,cheque enviado,70.6,3231.05,não
6035-RIIOM,fêmea,0,não,não,54,,fibra óptica,não,não,sim,dois anos,transferência bancária (automática),97.2,5129.45,não
2929-QNSRW,fêmea,0,sim,não,56,,fibra óptica,não,não,sim,um ano,cheque eletrônico,98.25,5508.35,sim
1262-OPMFY,fêmea,0,sim,não,9,,fibra óptica,não,não,não,mês a mês,transferência bancária (automática),75.75,655.9,sim
9504-DSHWM,macho,0,não,não,20,,dsl,sim,sim,não,mês a mês,transferência bancária (automática),59.2,1191.2,não
5035-BVCXS,macho,0,não,não,11,,fibra óptica,não,não,não,mês a mês,cheque enviado,75.9,866.4,não
6267-DCFFZ,fêmea,1,sim,não,30,,fibra óptica,não,não,sim,mês a mês,cheque eletrônico,90.05,2627.2,não
3533-UVMOM,macho,0,sim,não,68,,dsl,sim,não,não,dois anos,transferência bancária (automática),70.95,4741.45,não
2439-LYPMQ,macho,1,sim,não,38,,fibra óptica,não,não,sim,mês a mês,cheque eletrônico,102.6,4009.2,não
4248-QPAVC,fêmea,1,sim,não,17,,fibra óptica,sim,não,não,mês a mês,transferência bancária (automática),85.35,1463.45,sim
1899-VXWXM,macho,0,não,não,48,,fibra óptica,não,não,sim,um ano,cartão de crédito (automático),106.1,5082.8,sim
1478-VPOAD,fêmea,0,não,não,1,,dsl,não,não,não,mês a mês,cheque eletrônico,43.8,43.8,não
9995-HOTOH,macho,0,sim,sim,63,,dsl,sim,não,sim,dois anos,cheque eletrônico,59.0,3707.6,não
2988-PLAHS,fêmea,0,não,não,3,,dsl,não,não,sim,um ano,cheque eletrônico,69.95,220.45,não
1371-OJCEK,fêmea,0,não,não,48,,não,sem serviço de internet,sem serviço de internet,sem serviço de internet,um ano,transferência bancária (automática),24.35,1133.7,não
4999-IEZLT,macho,0,não,não,66,,dsl,não,sim,não,um ano,cartão de crédito (automático),29.45,1983.15,não
8883-ANODQ,fêmea,0,sim,sim,68,,fibra óptica,não,não,não,dois anos,cartão de crédito (automático),84.4,5746.75,não
4690-LLKUA,macho,1,não,não,17,,dsl,não,não,não,mês a mês,cheque eletrônico,45.05,770.6,sim
2351-RRBUE,fêmea,0,sim,sim,7,,não,sem serviço de internet,sem serviço de internet,sem serviço de internet,um ano,cheque enviado,20.65,134.05,não
5980-BDHPY,macho,0,sim,não,72,,dsl,sim,sim,sim,dois anos,transferência bancária (automática),87.1,6230.1,não
1498-DQNRX,fêmea,0,sim,não,29,,não,sem serviço de internet,sem serviço de internet,sem serviço de internet,mês a mês,cheque enviado,19.85,573.05,não
9469-WEJBT,macho,0,sim,não,37,sim,fibra óptica,não,sim,não,mês a mês,cheque eletrônico,90.35,3419.3,não
3331-HQDTW,fêmea,0,não,não,34,sim,fibra óptica,sim,não,sim,mês a mês,cheque enviado,109.8,3587.25,sim
9490-DFPMD,fêmea,1,não,não,42,sim,fibra óptica,não,não,sim,mês a mês,cheque eletrônico,84.65,3541.35,sim
2581-VKIRT,fêmea,0,sim,sim,59,sim,dsl,sim,sim,não,um ano,cheque enviado,65.5,3801.3,não
5442-XSDCW,macho,0,sim,sim,11,sim,fibra óptica,não,não,sim,mês a mês,transferência bancária (automática),79.5,868.5,sim
7426-WEIJX,macho,1,sim,sim,60,sim,fibra óptica,sim,não,não,mês a mês,cheque eletrônico,80.95,4859.1,não
2851-MMUTZ,fêmea,0,não,não,27,sim,dsl,não,sim,não,mês a mês,cheque enviado,56.15,1439.35,não
3049-NDXFL,fêmea,0,não,não,1,sim,fibra óptica,não,não,não,mês a mês,cheque enviado,85.8,85.8,sim
8580-AECUZ,macho,1,não,não,1,sim,fibra óptica,não,não,sim,mês a mês,cheque eletrônico,79.1,79.1,sim
3307-TLCUD,macho,0,sim,não,17,não,dsl,sim,não,não,mês a mês,cheque enviado,34.4,592.75,não
6625-FLENO,macho,0,sim,não,58,sim,não,sem serviço de internet,sem serviço de internet,sem serviço de internet,dois anos,cheque enviado,20.75,1185.95,não
2967-MXRAV,macho,0,sim,sim,1,sim,não,sem serviço de internet,sem serviço de internet,sem serviço de internet,um ano,cheque enviado,18.8,18.8,não
7963-GQRMY,fêmea,0,sim,sim,3,sim,dsl,não,não,não,mês a mês,cheque enviado,44.3,134.5,sim
8189-HBVRW,fêmea,0,não,não,53,sim,fibra óptica,sim,não,não,mês a mês,cheque eletrônico,90.8,4921.2,não
4163-KIUHY,macho,0,não,não,35,sim,não,sem serviço de internet,sem serviço de internet,sem serviço de internet,mês a mês,cheque eletrônico,25.6,901.25,não
1228-FZFRV,macho,0,sim,sim,50,sim,fibra óptica,sim,não,sim,mês a mês,cartão de crédito (automático),105.95,5341.8,sim
3500-NSDOA,macho,0,sim,sim,68,sim,dsl,não,sim,não,dois anos,cartão de crédito (automático),70.8,4859.95,não
1171-TYKUR,macho,0,sim,não,47,sim,não,sem serviço de internet,sem serviço de internet,sem serviço de internet,mês a mês,cheque eletrônico,25.4,1139.2,não
3761-FLYZI,fêmea,1,sim,não,65,sim,fibra óptica,não,não,sim,mês a mês,transferência bancária (automática),108.8,7082.45,não
2058-DCJBE,macho,0,não,não,5,sim,fibra óptica,não,não,não,mês a mês,cheque eletrônico,69.75,324.6,sim
5364-XYIRR,macho,0,sim,não,51,sim,fibra óptica,não,não,sim,mês a mês,cheque eletrônico,94.65,4812.75,sim
4829-AUOAX,fêmea,0,não,não,46,sim,fibra óptica,não,não,sim,mês a mês,transferência bancária (automática),96.05,4399.5,sim
1219-NNDDO,fêmea,0,não,não,9,sim,fibra óptica,não,não,não,mês a mês,cheque eletrônico,76.85,663.55,não
8388-DMKAE,fêmea,0,não,não,8,sim,não,sem serviço de internet,sem serviço de internet,sem serviço de internet,dois anos,cheque enviado,20.25,174.65,não
4403-BWPAY,macho,0,não,não,14,sim,não,sem serviço de internet,sem serviço de internet,sem serviço de internet,um ano,cartão de crédito (automático),24.8,321.7,não
9659-QEQSY,fêmea,0,não,não,45,sim,fibra óptica,sim,sim,sim,mês a mês,cheque eletrônico,115.65,5125.5,não
5405-ZMYXQ,fêmea,0,não,não,8,sim,fibra óptica,não,não,não,mês a mês,cartão de crédito (automático),74.6,548.9,não
5047-LHVLY,macho,1,não,sim,1,sim,dsl,não,não,não,mês a mês,cheque enviado,50.15,50.15,sim
1442-OKRJE,macho,0,sim,sim,66,sim,fibra óptica,sim,não,sim,um ano,transferência bancária (automática),103.15,7031.3,não
4737-AQCPU,macho,0,sim,sim,72,sim,dsl,sim,sim,não,dois anos,cartão de crédito (automático),72.1,5016.65,não
9158-VCTQB,fêmea,0,sim,não,41,sim,fibra óptica,sim,sim,sim,mês a mês,transferência bancária (automática),113.6,4594.95,sim
2808-CHTDM,fêmea,0,sim,sim,23,sim,não,sem serviço de internet,sem serviço de internet,sem serviço de internet,dois anos,cheque enviado,25.1,611.45,não
6311-UEUME,fêmea,0,não,não,29,sim,fibra óptica,não,não,sim,mês a mês,cheque eletrônico,78.9,2384.15,sim
0793-TWELN,fêmea,0,não,não,4,sim,fibra óptica,sim,não,não,mês a mês,cheque eletrônico,80.15,319.85,não
3283-WCWXT,macho,0,sim,sim,6,sim,não,sem serviço de internet,sem serviço de internet,sem serviço de internet,dois anos,cheque enviado,25.4,153.3,não
1060-ENTOF,fêmea,1,sim,não,67,sim,fibra óptica,sim,sim,não,um ano,cartão de crédito (automático),105.4,7035.6,não
0999-QXNSA,macho,1,não,sim,7,sim,dsl,não,não,não,mês a mês,cheque enviado,45.75,344.2,não
5451-MHQOF,macho,0,sim,sim,56,sim,não,sem serviço de internet,sem serviço de internet,sem serviço de internet,um ano,cheque enviado,24.45,1431.65,não
4836-WNFNO,fêmea,0,sim,não,72,sim,não,sem serviço de internet,sem serviço de internet,sem serviço de internet,dois anos,cartão de crédito (automático),25.0,1849.2,não
9225-BZLNZ,macho,0,sim,não,72,sim,dsl,sim,não,sim,dois anos,cheque eletrônico,85.25,6083.1,não
0354-VXMJC,macho,0,sim,sim,23,sim,não,sem serviço de internet,sem serviço de internet,sem serviço de internet,dois anos,cartão de crédito (automático),19.6,426.65,não
4422-QVIJA,fêmea,0,não,sim,35,sim,dsl,não,não,não,mês a mês,cheque enviado,50.15,1655.35,não
9365-SRSZE,macho,1,sim,não,27,sim,fibra óptica,não,não,não,mês a mês,cheque eletrônico,70.55,1943.9,não
6839-ITVZJ,fêmea,0,sim,sim,26,sim,dsl,não,sim,não,mês a mês,cheque eletrônico,60.05,1616.15,sim
8332-OSJDW,macho,0,sim,sim,12,sim,não,sem serviço de internet,sem serviço de internet,sem serviço de internet,um ano,cheque enviado,26.4,314.95,não
4735-BJKOU,fêmea,0,não,não,40,sim,não,sem serviço de internet,sem serviço de internet,sem serviço de internet,dois anos,cheque enviado,20.15,804.85,não
0274-JKUJR,macho,0,sim,sim,7,não,dsl,sim,não,sim,mês a mês,cheque enviado,58.85,465.7,não
5740-YHGTW,macho,0,sim,sim,70,sim,fibra óptica,sim,não,sim,mês a mês,cartão de crédito (automático),97.55,6669.05,não
8917-SZTTJ,macho,0,sim,sim,60,sim,não,sem serviço de internet,sem serviço de internet,sem serviço de internet,dois anos,cartão de crédito (automático),19.65,1161.75,não
1696-MZVAU,macho,0,sim,sim,39,não,dsl,não,não,não,um ano,cartão de crédito (automático),25.25,947.75,não
7359-WWYJV,macho,0,sim,não,72,sim,fibra óptica,sim,sim,sim,dois anos,cartão de crédito (automático),114.45,8375.05,não
0375-HVGXO,fêmea,0,não,não,1,não,dsl,não,não,sim,mês a mês,cheque eletrônico,34.7,34.7,sim
4906-ZHGPK,macho,0,sim,sim,54,sim,dsl,não,sim,sim,um ano,cheque eletrônico,70.7,3770.0,não
8593-WHYHV,macho,0,não,não,3,sim,fibra óptica,não,não,não,mês a mês,cheque eletrônico,85.3,264.8,sim
3795-GWTRD,fêmea,0,sim,sim,63,sim,dsl,sim,sim,sim,dois anos,cartão de crédito (automático),75.55,4707.85,não
1298-PHBTI,macho,0,sim,sim,71,sim,fibra óptica,não,sim,não,dois anos,cheque eletrônico,84.8,6152.4,não
6223-DHJGV,fêmea,0,não,não,42,sim,não,sem serviço de internet,sem serviço de internet,sem serviço de internet,um ano,cheque enviado,20.65,958.1,não
6961-MJKBO,macho,0,não,não,47,sim,não,sem serviço de internet,sem serviço de internet,sem serviço de internet,dois anos,transferência bancária (automática),20.45,943.0,não
6097-EQISJ,fêmea,0,sim,sim,66,sim,fibra óptica,não,não,sim,um ano,cartão de crédito (automático),102.45,6615.15,sim
4423-YLHDV,fêmea,0,sim,não,21,sim,fibra óptica,sim,não,sim,mês a mês,transferência bancária (automática),104.4,2200.25,sim
8158-WPEZG,macho,0,não,não,11,não,dsl,não,sim,não,mês a mês,cheque eletrônico,35.65,425.1,não
0107-YHINA,macho,0,não,sim,1,sim,fibra óptica,não,não,sim,mês a mês,cheque eletrônico,99.75,99.75,sim
4918-FYJNT,fêmea,1,sim,não,55,sim,fibra óptica,não,sim,não,mês a mês,cheque eletrônico,90.45,5044.8,não
0727-BNRLG,macho,0,não,não,69,sim,fibra óptica,não,sim,sim,dois anos,cartão de crédito (automático),97.65,6743.55,não
4854-CIDCF,fêmea,1,não,não,3,sim,fibra óptica,não,não,não,mês a mês,cheque eletrônico,73.85,196.4,não
8640-SDGKB,macho,0,não,não,4,sim,dsl,não,sim,sim,mês a mês,cheque eletrônico,74.4,299.7,sim
3280-MRDOF,macho,1,não,não,30,sim,dsl,não,sim,sim,dois anos,cartão de crédito (automático),69.1,2093.9,não
6435-SRWBJ,fêmea,0,não,não,5,sim,fibra óptica,não,sim,não,mês a mês,cheque eletrônico,82.75,417.75,não
9964-WBQDJ,fêmea,0,sim,não,71,sim,não,sem serviço de internet,sem serviço de internet,sem serviço de internet,dois anos,cartão de crédito (automático),24.4,1725.4,não
6303-KFWSL,fêmea,0,não,não,29,sim,dsl,não,não,não,um ano,cheque eletrônico,55.25,1620.2,não
1702-CCFNJ,macho,0,sim,não,52,sim,dsl,não,sim,não,mês a mês,transferência bancária (automática),61.35,3169.55,não
8932-CZHRQ,macho,0,não,não,68,sim,dsl,sim,não,não,um ano,cartão de crédito (automático),76.75,5233.25,não
0386-CWRGM,fêmea,0,sim,sim,46,sim,não,sem serviço de internet,sem serviço de internet,sem serviço de internet,dois anos,cheque enviado,19.4,967.85,não
5515-RUGKN,macho,0,não,não,8,sim,dsl,não,não,não,mês a mês,cartão de crédito (automático),54.75,438.05,não
0404-AHASP,macho,0,sim,não,72,sim,não,sem serviço de internet,sem serviço de internet,sem serviço de internet,dois anos,cartão de crédito (automático),19.7,1421.9,não
7279-NMVJC,fêmea,0,não,não,17,sim,não,sem serviço de internet,sem serviço de internet,sem serviço de internet,um ano,transferência bancária (automática),19.9,323.15,não
2081-VEYEH,macho,0,não,não,3,sim,fibra óptica,não,sim,sim,mês a mês,cheque eletrônico,107.95,318.6,não
6407-UTSLV,fêmea,1,não,não,2,sim,fibra óptica,não,não,sim,mês a mês,transferência bancária (automática),83.8,163.7,não
4116-TZAQJ,fêmea,0,não,não,9,sim,fibra óptica,sim,não,não,mês a mês,cartão de crédito (automático),74.25,639.65,sim
9060-HJJRW,fêmea,0,não,não,51,não,dsl,não,não,sim,um ano,cartão de crédito (automático),56.4,2928.5,não
2587-YNLES,fêmea,0,sim,sim,6,sim,não,sem serviço de internet,sem serviço de internet,sem serviço de internet,dois anos,cheque enviado,20.1,100.35,não
7398-SKNQZ,fêmea,0,sim,não,3,sim,fibra óptica,não,não,sim,mês a mês,cheque eletrônico,94.9,273.2,não
5935-FCCNB,fêmea,1,não,não,17,sim,fibra óptica,não,não,sim,mês a mês,cheque eletrônico,94.2,1608.15,não
1958-RNRKS,macho,0,sim,não,30,sim,dsl,não,não,não,mês a mês,cheque eletrônico,49.9,1441.95,não
5136-RGMZO,macho,0,não,não,31,sim,dsl,não,sim,sim,mês a mês,cheque eletrônico,71.05,2168.15,não
8345-MVDYC,fêmea,0,não,não,45,sim,dsl,sim,sim,sim,dois anos,transferência bancária (automática),81.65,3618.7,não
8226-BXGES,macho,0,sim,não,64,sim,fibra óptica,sim,não,não,um ano,transferência bancária (automática),89.45,5692.65,não
3877-JRJIP,macho,0,não,não,1,sim,dsl,não,não,sim,mês a mês,cheque eletrônico,59.85,59.85,sim
8375-DKEBR,fêmea,1,não,não,1,sim,fibra óptica,não,não,não,mês a mês,cheque eletrônico,69.6,69.6,sim
9705-IOVQQ,macho,1,sim,sim,61,sim,fibra óptica,não,não,sim,um ano,cheque eletrônico,99.0,5969.3,não
1015-OWJKI,macho,0,não,não,1,sim,não,sem serviço de internet,sem serviço de internet,sem serviço de internet,mês a mês,cheque enviado,19.05,19.05,não
7511-YMXVQ,macho,0,não,não,9,não,dsl,não,não,sim,mês a mês,cheque eletrônico,45.4,418.8,sim
2040-XBAVJ,macho,0,sim,sim,72,sim,fibra óptica,sim,sim,sim,dois anos,transferência bancária (automática),114.45,8100.55,não
7551-JOHTI,fêmea,0,não,não,1,sim,não,sem serviço de internet,sem serviço de internet,sem serviço de internet,mês a mês,cheque enviado,19.5,19.5,sim
8887-IPQNC,fêmea,0,sim,não,7,sim,dsl,não,não,não,mês a mês,cheque enviado,44.25,313.45,não
8646-JCOMS,fêmea,0,sim,não,66,sim,fibra óptica,não,sim,não,um ano,transferência bancária (automática),90.55,6130.95,não
9804-ICWBG,macho,0,não,não,1,sim,fibra óptica,não,não,não,mês a mês,cheque eletrônico,69.9,69.9,sim
1222-KJNZD,macho,0,sim,sim,40,sim,não,sem serviço de internet,sem serviço de internet,sem serviço de internet,mês a mês,transferência bancária (automática),20.4,745.3,não
0106-GHRQR,macho,0,não,não,16,sim,dsl,não,não,não,mês a mês,transferência bancária (automática),71.4,1212.1,não
5318-IXUZF,fêmea,0,não,não,2,sim,fibra óptica,não,não,sim,mês a mês,transferência bancária (automática),87.15,183.75,sim
3768-VHXQO,macho,0,sim,não,67,sim,não,sem serviço de internet,sem serviço de internet,sem serviço de internet,dois anos,cartão de crédito (automático),24.85,1583.5,não
8952-WCVCD,fêmea,0,sim,não,41,sim,fibra óptica,sim,não,sim,um ano,transferência bancária (automática),104.45,4162.05,não
2418-TPEUN,fêmea,0,sim,sim,56,sim,não,sem serviço de internet,sem serviço de internet,sem serviço de internet,dois anos,cartão de crédito (automático),19.8,1119.9,não
3963-RYFNS,fêmea,0,não,não,72,sim,fibra óptica,sim,sim,sim,dois anos,transferência bancária (automática),116.45,8013.55,não
3198-VELRD,fêmea,0,sim,sim,3,sim,fibra óptica,não,não,não,mês a mês,transferência bancária (automática),84.75,264.85,sim
8540-ZQGEA,fêmea,0,sim,não,54,sim,não,sem serviço de internet,sem serviço de internet,sem serviço de internet,dois anos,cartão de crédito (automático),20.05,1102.4,não
1320-REHCS,macho,1,não,não,52,sim,fibra óptica,não,sim,sim,mês a mês,cheque eletrônico,110.75,5832.0,não
4137-JOPHL,fêmea,0,não,não,50,sim,fibra óptica,não,sim,não,dois anos,transferência bancária (automática),89.7,4304.5,não
9436-ZBZCT,macho,0,não,não,14,sim,fibra óptica,não,sim,sim,mês a mês,cheque eletrônico,89.95,1178.4,sim
7801-CEDNV,macho,0,sim,não,27,sim,dsl,sim,não,não,um ano,cartão de crédito (automático),48.7,1421.75,não
2057-BOYKM,fêmea,1,sim,não,72,sim,fibra óptica,sim,sim,não,dois anos,transferência bancária (automática),96.6,6827.5,não
3658-QQJYD,macho,0,não,não,62,sim,dsl,sim,não,sim,um ano,cartão de crédito (automático),74.3,4698.05,não
1803-BGNBD,fêmea,0,não,não,12,sim,dsl,não,sim,não,mês a mês,cheque eletrônico,54.3,654.5,não
0134-XWXCE,fêmea,1,não,não,44,sim,dsl,não,sim,sim,um ano,transferência bancária (automática),74.85,3268.05,não
6950-TWMYB,macho,0,sim,sim,54,sim,fibra óptica,não,sim,não,dois anos,transferência bancária (automática),79.95,4362.05,não
5848-FHRFC,fêmea,0,não,não,68,sim,não,sem serviço de internet,sem serviço de internet,sem serviço de internet,dois anos,transferência bancária (automática),20.05,1386.9,não
2243-FNMMI,macho,0,não,não,20,sim,não,sem serviço de internet,sem serviço de internet,sem serviço de internet,mês a mês,cheque enviado,19.4,415.4,não
2511-MORQY,macho,0,sim,sim,50,sim,dsl,não,não,não,um ano,transferência bancária (automática),54.9,2614.1,não
5356-KZCKT,macho,0,não,não,58,sim,não,sem serviço de internet,sem serviço de internet,sem serviço de internet,dois anos,cartão de crédito (automático),24.45,1513.6,não
9470-XCCEM,macho,0,sim,sim,35,sim,fibra óptica,não,não,sim,mês a mês,transferência bancária (automática),89.65,3161.6,não
6519-CFDBX,fêmea,0,não,não,2,sim,dsl,não,não,não,mês a mês,cheque eletrônico,45.4,80.95,não
3902-MIVLE,macho,0,sim,sim,63,sim,dsl,sim,sim,não,dois anos,cheque enviado,75.7,4676.7,não
0409-WTMPL,fêmea,0,sim,não,58,sim,fibra óptica,sim,não,sim,um ano,cartão de crédito (automático),110.65,6526.65,não
8763-KIAFH,fêmea,0,sim,sim,27,sim,não,sem serviço de internet,sem serviço de internet,sem serviço de internet,um ano,cheque enviado,20.55,583.3,não
3669-WHAFY,fêmea,0,sim,não,71,sim,fibra óptica,sim,sim,sim,dois anos,cartão de crédito (automático),115.15,8078.1,não
3055-VTCGS,fêmea,0,não,não,63,sim,dsl,não,não,não,um ano,cartão de crédito (automático),58.55,3503.5,não
3144-KMTWZ,macho,0,sim,não,71,sim,fibra óptica,não,não,não,mês a mês,transferência bancária (automática),93.25,6669.45,não
7279-BUYWN,fêmea,1,não,não,41,sim,fibra óptica,sim,não,sim,mês a mês,cheque eletrônico,113.2,4689.5,sim
7156-MHUGY,macho,1,não,não,13,sim,fibra óptica,não,não,sim,mês a mês,cheque eletrônico,90.5,1201.15,sim
7198-GLXTC,macho,0,não,não,2,sim,fibra óptica,não,não,sim,mês a mês,cheque eletrônico,79.0,143.65,sim
2007-QVGAW,fêmea,0,sim,sim,68,sim,não,sem serviço de internet,sem serviço de internet,sem serviço de internet,dois anos,transferência bancária (automática),19.35,1292.65,não
5207-PLSTK,macho,0,sim,sim,1,sim,dsl,sim,não,não,mês a mês,cheque enviado,48.75,48.75,não
2307-FYNNL,macho,1,não,não,65,sim,fibra óptica,sim,sim,sim,dois anos,cheque eletrônico,109.05,7108.2,não
5605-XNWEN,macho,1,sim,não,72,sim,não,sem serviço de internet,sem serviço de internet,sem serviço de internet,dois anos,transferência bancária (automática),25.0,1802.55,não
2155-AMQRX,fêmea,0,não,não,28,sim,dsl,não,sim,não,mês a mês,cartão de crédito (automático),54.9,1505.15,não
6181-AXXYF,macho,0,sim,sim,72,sim,não,sem serviço de internet,sem serviço de internet,sem serviço de internet,dois anos,cartão de crédito (automático),24.75,1859.1,não
5091-HFAZW,fêmea,0,não,não,2,sim,fibra óptica,sim,não,sim,mês a mês,cheque eletrônico,91.15,168.5,não
0516-VRYBW,fêmea,0,não,sim,18,sim,não,sem serviço de internet,sem serviço de internet,sem serviço de internet,um ano,transferência bancária (automática),20.15,390.85,sim
2519-LBNQL,macho,1,sim,não,60,sim,fibra óptica,não,não,sim,um ano,cheque eletrônico,104.35,6339.45,não
8623-ULFNQ,fêmea,1,não,não,26,sim,dsl,não,sim,não,mês a mês,cheque eletrônico,66.05,1652.4,não
8380-PEFPE,macho,0,não,sim,1,sim,fibra óptica,não,não,não,mês a mês,cheque eletrônico,71.65,71.65,sim
5687-DKDTV,fêmea,0,não,não,4,sim,não,sem serviço de internet,sem serviço de internet,sem serviço de internet,mês a mês,cheque enviado,20.35,77.5,sim
1568-LJSZU,macho,0,sim,sim,68,sim,dsl,sim,sim,sim,dois anos,cartão de crédito (automático),92.2,6392.85,não
7530-HDYDS,fêmea,0,não,não,38,sim,fibra óptica,não,sim,não,mês a mês,cartão de crédito (automático),84.25,3264.5,sim
7789-HKSBS,fêmea,1,sim,não,42,sim,fibra óptica,sim,não,sim,um ano,transferência bancária (automática),105.2,4599.15,não
7416-CKTEP,fêmea,0,sim,não,57,sim,não,sem serviço de internet,sem serviço de internet,sem serviço de internet,dois anos,transferência bancária (automática),19.6,1134.25,não
2586-CWXVV,macho,0,sim,não,54,não,dsl,não,não,não,mês a mês,cheque eletrônico,30.4,1621.35,não
3096-IZETN,fêmea,0,não,não,12,sim,fibra óptica,não,não,não,mês a mês,transferência bancária (automática),78.1,947.3,sim
2348-KCJLT,fêmea,0,sim,não,44,sim,dsl,sim,não,não,um ano,cheque enviado,61.5,2722.2,não
8401-EMUWF,macho,0,sim,sim,42,sim,dsl,sim,não,sim,mês a mês,transferência bancária (automática),69.4,3058.3,não
4193-IBKSW,macho,0,sim,sim,72,sim,não,sem serviço de internet,sem serviço de internet,sem serviço de internet,dois anos,transferência bancária (automática),24.75,1769.6,não
5377-NDTOU,fêmea,0,sim,sim,71,sim,dsl,sim,sim,sim,dois anos,cheque enviado,91.05,6293.75,não
5922-ABDVO,fêmea,0,sim,não,19,sim,fibra óptica,não,não,não,mês a mês,cheque enviado,89.65,1761.05,sim
2474-LCNUE,fêmea,0,sim,não,23,sim,dsl,não,sim,sim,mês a mês,cartão de crédito (automático),73.65,1642.75,não
0839-QNXME,fêmea,0,não,não,30,sim,não,sem serviço de internet,sem serviço de internet,sem serviço de internet,dois anos,cartão de crédito (automático),19.4,578.5,não
3506-OVLKD,macho,0,não,não,35,sim,não,sem serviço de internet,sem serviço de internet,sem serviço de internet,um ano,transferência bancária (automática),26.2,954.9,não
9172-ANCRX,fêmea,0,não,não,10,sim,fibra óptica,sim,não,sim,mês a mês,cheque eletrônico,98.7,973.25,sim
6650-VJONK,macho,0,não,não,1,sim,dsl,não,não,não,mês a mês,transferência bancária (automática),43.85,43.85,não
2178-PMGCJ,macho,0,não,não,22,sim,fibra óptica,não,não,não,mês a mês,cheque enviado,69.7,1490.4,não
7492-TAFJD,macho,0,sim,sim,7,não,dsl,sim,não,não,dois anos,cheque enviado,38.55,280.0,não
2773-MADBQ,fêmea,0,não,não,36,não,dsl,sim,sim,não,dois anos,cheque enviado,53.1,1901.25,não
6016-LVTJQ,fêmea,0,sim,sim,34,sim,não,sem serviço de internet,sem serviço de internet,sem serviço de internet,mês a mês,cheque enviado,20.65,716.4,não
7860-KSUGX,macho,0,sim,sim,72,sim,dsl,sim,não,não,dois anos,cartão de crédito (automático),64.45,4720.0,não
8966-KZXXA,macho,0,sim,sim,36,sim,não,sem serviço de internet,sem serviço de internet,sem serviço de internet,dois anos,cartão de crédito (automático),25.1,930.95,não
6910-HADCM,fêmea,0,não,não,1,sim,fibra óptica,não,não,não,mês a mês,cheque eletrônico,76.35,76.35,sim
4816-LXZYW,fêmea,0,não,não,23,sim,fibra óptica,não,não,não,mês a mês,cheque eletrônico,79.15,1676.95,sim
9606-PBKBQ,macho,1,sim,não,32,sim,fibra óptica,não,não,não,mês a mês,cheque eletrônico,85.0,2642.05,sim
5149-QYTTU,fêmea,0,sim,sim,71,sim,fibra óptica,sim,sim,não,um ano,cartão de crédito (automático),95.15,6770.85,não
2070-XYMFH,fêmea,1,não,não,23,sim,fibra óptica,não,não,não,mês a mês,cheque enviado,79.35,1835.3,não
2085-BOJKI,macho,0,sim,não,17,sim,fibra óptica,não,não,sim,um ano,transferência bancária (automática),96.65,1588.25,não
0817-HSUSE,macho,0,não,não,1,sim,dsl,não,sim,sim,mês a mês,cheque eletrônico,75.5,75.5,não
5442-PPTJY,macho,0,sim,sim,12,sim,não,sem serviço de internet,sem serviço de internet,sem serviço de internet,dois anos,cheque enviado,19.7,258.35,não
1927-QEWMY,fêmea,0,sim,não,72,sim,não,sem serviço de internet,sem serviço de internet,sem serviço de internet,dois anos,cartão de crédito (automático),20.5,1502.25,não
1663-MHLHE,macho,0,não,não,1,sim,não,sem serviço de internet,sem serviço de internet,sem serviço de internet,mês a mês,cheque enviado,19.2,19.2,não
5663-QBGIS,macho,1,sim,não,72,sim,fibra óptica,não,não,sim,dois anos,transferência bancária (automática),98.35,6929.4,não
4450-MDZFX,macho,0,sim,sim,60,sim,fibra óptica,não,não,não,mês a mês,transferência bancária (automática),74.35,4453.3,não
6701-DHKWQ,fêmea,0,sim,sim,61,não,dsl,não,sim,sim,dois anos,cartão de crédito (automático),51.35,3244.4,não
7554-AKDQF,fêmea,0,sim,não,6,sim,dsl,não,não,não,mês a mês,cheque enviado,45.65,323.45,não
3536-IQCTX,macho,1,sim,não,32,sim,fibra óptica,não,não,não,mês a mês,cheque eletrônico,85.3,2661.1,sim
4911-BANWH,fêmea,0,não,sim,31,sim,fibra óptica,não,não,sim,mês a mês,cartão de crédito (automático),86.55,2697.4,sim
8496-EJAUI,macho,0,não,não,19,sim,fibra óptica,não,não,não,mês a mês,cartão de crédito (automático),73.85,1424.5,sim
0794-YVSGE,macho,0,sim,sim,72,sim,não,sem serviço de internet,sem serviço de internet,sem serviço de internet,dois anos,transferência bancária (automática),20.3,1401.15,não
5423-BHIXO,fêmea,0,não,não,32,sim,dsl,não,não,não,mês a mês,cheque eletrônico,54.2,1739.6,não
6908-VVYHM,macho,0,sim,não,65,sim,fibra óptica,não,não,não,mês a mês,cheque eletrônico,90.65,5931.0,não
2959-EEXWB,fêmea,0,sim,sim,45,não,dsl,sim,não,sim,mês a mês,transferência bancária (automática),50.9,2333.85,não
1839-UMACK,macho,0,não,não,42,sim,não,sem serviço de internet,sem serviço de internet,sem serviço de internet,um ano,cheque eletrônico,25.05,949.85,não
3030-YDNRM,macho,0,não,não,8,sim,fibra óptica,não,não,não,mês a mês,cheque eletrônico,74.85,572.45,não
7321-KKSDU,macho,0,não,sim,32,sim,não,sem serviço de internet,sem serviço de internet,sem serviço de internet,dois anos,cheque enviado,20.5,696.8,não
3402-XRIUO,fêmea,1,sim,não,22,sim,dsl,sim,sim,não,mês a mês,cheque enviado,63.55,1381.8,não
3132-TVFDZ,macho,1,sim,não,57,não,dsl,não,não,sim,mês a mês,cheque eletrônico,44.85,2572.95,sim
8286-AFUYI,macho,0,não,não,1,sim,dsl,sim,não,não,mês a mês,cheque eletrônico,47.95,47.95,não
8080-DDEMJ,macho,1,não,não,1,sim,dsl,não,não,não,mês a mês,cheque eletrônico,45.1,45.1,sim
8356-WUAOJ,fêmea,0,sim,não,1,sim,dsl,não,não,não,mês a mês,cheque eletrônico,45.0,45.0,não
6365-MTGZX,macho,0,não,não,24,sim,fibra óptica,não,sim,sim,mês a mês,cheque eletrônico,96.0,2122.45,sim
1349-WXNGG,macho,0,não,não,1,sim,não,sem serviço de internet,sem serviço de internet,sem serviço de internet,mês a mês,transferência bancária (automática),20.05,20.05,sim
8058-DMYRU,macho,1,não,não,54,sim,fibra óptica,não,não,não,mês a mês,cheque eletrônico,90.05,4931.8,não
9350-ZXYJC,fêmea,0,não,não,4,sim,não,sem serviço de internet,sem serviço de internet,sem serviço de internet,dois anos,cartão de crédito (automático),25.3,116.95,não
6990-YNRIO,macho,0,sim,sim,65,sim,fibra óptica,sim,sim,sim,dois anos,transferência bancária (automática),108.65,6937.95,sim
8958-JPTRR,fêmea,0,sim,não,56,sim,não,sem serviço de internet,sem serviço de internet,sem serviço de internet,um ano,cheque eletrônico,24.3,1261.7,não
6959-GQEGV,macho,0,não,não,45,sim,dsl,sim,não,sim,mês a mês,cheque eletrônico,75.95,3273.8,não
3173-WSSUE,fêmea,0,sim,sim,71,sim,não,sem serviço de internet,sem serviço de internet,sem serviço de internet,dois anos,cartão de crédito (automático),19.7,1415.85,não
1265-HVPZB,macho,0,sim,não,59,sim,dsl,sim,não,sim,um ano,cartão de crédito (automático),66.4,3958.2,não
4115-UMJFQ,macho,0,não,não,69,não,dsl,não,não,não,um ano,transferência bancária (automática),35.75,2492.25,não
7369-TRPFD,macho,0,não,não,19,sim,não,sem serviço de internet,sem serviço de internet,sem serviço de internet,um ano,cheque enviado,18.8,279.2,não
1098-KFQEC,fêmea,0,sim,sim,55,sim,não,sem serviço de internet,sem serviço de internet,sem serviço de internet,dois anos,cartão de crédito (automático),19.4,1083.0,não
7190-XHTWJ,fêmea,0,não,não,38,sim,não,sem serviço de internet,sem serviço de internet,sem serviço de internet,um ano,cheque enviado,19.3,755.5,não
0621-TWIEM,macho,0,não,não,10,sim,dsl,não,não,não,mês a mês,cheque eletrônico,45.55,402.6,sim
3537-RYBHH,fêmea,1,sim,não,47,sim,dsl,sim,não,não,mês a mês,cartão de crédito (automático),67.45,3252.0,não
2485-ITVKB,fêmea,0,sim,não,2,não,dsl,não,não,não,mês a mês,cheque eletrônico,35.1,68.75,sim
3669-OYSJI,macho,0,não,não,1,sim,dsl,não,não,não,mês a mês,cartão de crédito (automático),46.2,46.2,sim
1612-EOHDH,fêmea,0,não,não,1,sim,dsl,não,não,não,mês a mês,cheque eletrônico,45.15,45.15,sim
6702-OHFWR,macho,1,não,não,1,não,dsl,não,não,não,mês a mês,cheque eletrônico,43.3,43.3,sim
5296-BFCYD,macho,0,sim,sim,46,sim,não,sem serviço de internet,sem serviço de internet,sem serviço de internet,dois anos,cheque enviado,20.1,936.85,não
4510-PYUSH,fêmea,1,não,não,38,sim,dsl,sim,não,não,mês a mês,cartão de crédito (automático),57.15,2250.65,sim
9359-JANWS,fêmea,0,sim,não,65,sim,dsl,sim,sim,não,dois anos,cartão de crédito (automático),58.9,3857.1,não
7517-SAWMO,fêmea,0,sim,não,19,sim,fibra óptica,sim,não,não,mês a mês,cheque eletrônico,73.2,1441.1,sim
4143-HHPMK,macho,0,não,não,52,sim,fibra óptica,não,não,não,mês a mês,cheque eletrônico,85.35,4338.6,sim
3279-DYZQM,macho,0,sim,sim,71,sim,não,sem serviço de internet,sem serviço de internet,sem serviço de internet,dois anos,cheque enviado,19.45,1378.45,não
7054-LGEQW,fêmea,0,não,não,1,sim,dsl,não,não,não,mês a mês,cheque enviado,45.95,45.95,sim
0523-VNGTF,fêmea,1,não,não,52,não,dsl,não,sim,sim,mês a mês,cheque eletrônico,50.5,2566.3,não
9575-IWCAZ,macho,0,sim,não,6,sim,não,sem serviço de internet,sem serviço de internet,sem serviço de internet,um ano,cheque enviado,25.1,171.0,não
7105-MXJLL,fêmea,1,sim,não,26,sim,dsl,não,não,não,um ano,cheque enviado,60.7,1597.4,não
7064-FRRSW,macho,1,não,não,48,sim,fibra óptica,não,não,sim,um ano,cheque eletrônico,99.0,4744.35,não
7940-UQQUG,fêmea,0,sim,sim,64,sim,fibra óptica,sim,sim,sim,um ano,transferência bancária (automática),104.4,6721.6,não
0923-PNFUB,fêmea,0,não,não,3,sim,fibra óptica,não,não,sim,mês a mês,cheque eletrônico,83.75,247.25,sim
3961-SXAXY,macho,0,não,não,1,sim,dsl,não,não,não,mês a mês,transferência bancária (automática),44.05,44.05,não
7010-BRBUU,macho,0,sim,sim,72,sim,não,sem serviço de internet,sem serviço de internet,sem serviço de internet,dois anos,cartão de crédito (automático),24.1,1734.65,não
3566-HJGPK,macho,0,não,não,1,sim,dsl,não,não,não,mês a mês,cheque enviado,45.55,45.55,não
3062-ICYZQ,fêmea,0,sim,sim,51,sim,fibra óptica,sim,não,não,mês a mês,cheque eletrônico,93.8,4539.35,não
9938-PRCVK,fêmea,0,sim,sim,41,sim,não,sem serviço de internet,sem serviço de internet,sem serviço de internet,dois anos,transferência bancária (automática),19.7,804.25,não
0973-KYVNF,fêmea,0,sim,sim,72,sim,dsl,sim,não,sim,dois anos,cartão de crédito (automático),70.65,5011.15,não
5129-HHMZC,fêmea,0,sim,não,43,sim,dsl,sim,sim,sim,dois anos,cartão de crédito (automático),86.45,3574.5,não
9637-CDTKZ,macho,0,sim,não,72,sim,fibra óptica,sim,sim,sim,dois anos,cartão de crédito (automático),114.1,8086.4,não
3946-JEWRQ,macho,0,sim,não,47,sim,fibra óptica,não,não,sim,um ano,cartão de crédito (automático),95.2,4563.0,não
7873-CVMAW,macho,0,não,não,72,sim,dsl,sim,sim,sim,dois anos,cartão de crédito (automático),88.55,6362.35,não
0463-WZZKO,macho,0,não,não,3,sim,não,sem serviço de internet,sem serviço de internet,sem serviço de internet,mês a mês,cartão de crédito (automático),20.75,67.1,não
3494-JCHRQ,macho,0,não,não,1,sim,fibra óptica,não,não,não,mês a mês,cheque eletrônico,70.05,70.05,sim
6474-FVJLC,macho,0,não,não,2,sim,fibra óptica,não,não,não,mês a mês,cheque eletrônico,86.0,165.45,sim
4524-QCSSM,macho,0,não,não,26,não,dsl,sim,não,não,mês a mês,transferência bancária (automática),44.65,1156.55,não
5832-EXGTT,macho,0,sim,sim,29,sim,dsl,sim,não,não,mês a mês,cheque enviado,60.2,1834.15,não
8840-DQLGN,fêmea,1,sim,não,35,sim,fibra óptica,sim,sim,sim,mês a mês,transferência bancária (automática),100.5,3653.35,sim
2039-JONDJ,macho,0,não,não,27,sim,dsl,sim,não,não,um ano,transferência bancária (automática),55.45,1477.65,não
7217-JYHOQ,macho,0,sim,sim,24,sim,dsl,sim,sim,não,mês a mês,cartão de crédito (automático),70.3,1706.45,não
6695-FRVEC,macho,0,sim,sim,67,sim,dsl,sim,sim,não,dois anos,transferência bancária (automática),60.4,3953.7,não
4547-LYTDD,fêmea,0,não,não,16,sim,fibra óptica,não,não,não,mês a mês,cheque eletrônico,72.65,1194.3,sim
9894-QMIMJ,fêmea,0,não,não,23,sim,dsl,não,não,não,um ano,transferência bancária (automática),55.8,1327.85,não
8069-YQQAJ,macho,0,não,não,14,não,dsl,não,não,não,mês a mês,cheque enviado,31.1,419.7,não
6770-XUAGN,fêmea,0,sim,sim,1,sim,não,sem serviço de internet,sem serviço de internet,sem serviço de internet,mês a mês,cheque eletrônico,21.0,21.0,sim
4193-ORFCL,fêmea,1,não,não,1,sim,dsl,não,não,não,mês a mês,cheque enviado,45.1,45.1,sim
1636-NTNCO,macho,1,não,não,4,não,dsl,não,não,sim,mês a mês,cartão de crédito (automático),50.95,207.35,não
3466-WAESX,macho,0,não,sim,16,sim,dsl,sim,não,não,mês a mês,cheque eletrônico,69.1,1083.7,não
9281-PKKZE,fêmea,0,sim,não,46,não,dsl,não,não,sim,mês a mês,cheque eletrônico,43.95,2007.85,não
3638-VBZTA,macho,0,não,sim,68,sim,dsl,sim,sim,sim,dois anos,transferência bancária (automática),86.5,5882.75,não
7459-IMVYU,macho,0,não,não,38,sim,dsl,sim,sim,não,mês a mês,cheque eletrônico,69.95,2657.55,não
7776-QWNFX,macho,1,sim,não,30,sim,dsl,não,não,não,mês a mês,transferência bancária (automática),50.4,1527.5,sim
6689-TCZHQ,fêmea,1,não,não,5,sim,fibra óptica,não,não,não,mês a mês,cheque eletrônico,78.95,378.4,sim
8563-OYMQY,macho,0,não,não,17,sim,fibra óptica,não,não,não,mês a mês,cartão de crédito (automático),90.95,1612.2,não
0754-EEBDC,macho,0,sim,sim,4,sim,não,sem serviço de internet,sem serviço de internet,sem serviço de internet,dois anos,cheque enviado,19.9,76.65,não
5777-ZPQNC,fêmea,0,não,não,12,sim,não,sem serviço de internet,sem serviço de internet,sem serviço de internet,um ano,cheque eletrônico,20.15,260.7,não
1951-IEYXM,macho,0,sim,sim,72,sim,dsl,sim,sim,sim,dois anos,cartão de crédito (automático),90.6,6441.85,não
3318-NMQXL,macho,0,não,não,3,sim,fibra óptica,não,não,sim,mês a mês,cheque eletrônico,92.0,266.8,não
3143-ILDAL,macho,0,não,não,56,sim,fibra óptica,não,sim,não,mês a mês,cheque eletrônico,94.45,5124.6,sim
1022-RKXDR,fêmea,0,não,não,41,sim,não,sem serviço de internet,sem serviço de internet,sem serviço de internet,um ano,cheque enviado,24.85,962.25,não
2361-FJWNO,macho,0,não,não,40,não,dsl,não,sim,não,um ano,cartão de crédito (automático),36.0,1382.9,não
2272-UOINI,fêmea,0,não,não,7,sim,dsl,sim,sim,sim,mês a mês,cheque eletrônico,78.5,571.05,não
8232-UTFOZ,macho,0,não,não,69,sim,não,sem serviço de internet,sem serviço de internet,sem serviço de internet,dois anos,cartão de crédito (automático),19.95,1399.35,não
3750-YHRYO,macho,0,sim,sim,7,sim,não,sem serviço de internet,sem serviço de internet,sem serviço de internet,um ano,cheque enviado,20.65,150.0,não
6637-KYRCV,fêmea,0,sim,sim,5,não,dsl,não,não,não,mês a mês,cheque eletrônico,30.5,167.2,não
5668-MEISB,fêmea,0,sim,sim,72,sim,fibra óptica,sim,sim,sim,dois anos,cartão de crédito (automático),106.1,7657.4,não
0129-QMPDR,macho,0,sim,sim,44,sim,não,sem serviço de internet,sem serviço de internet,sem serviço de internet,um ano,transferência bancária (automática),20.5,865.05,não
7188-CBBBA,fêmea,0,não,não,65,sim,fibra óptica,não,não,sim,um ano,cheque eletrônico,95.5,6153.85,não
5356-CSVSQ,fêmea,0,não,não,3,sim,dsl,não,sim,sim,mês a mês,cheque eletrônico,64.6,174.2,não
3221-CJMSG,macho,0,não,não,24,sim,dsl,não,sim,não,mês a mês,cartão de crédito (automático),51.1,1269.6,não
4720-VSTSI,fêmea,0,não,não,44,sim,fibra óptica,não,não,não,mês a mês,transferência bancária (automática),84.8,3862.55,sim
3219-JQRSL,fêmea,1,sim,não,72,sim,dsl,sim,sim,sim,dois anos,cartão de crédito (automático),89.1,6352.4,não
2801-NISEI,macho,0,não,não,24,sim,dsl,sim,sim,não,mês a mês,cheque eletrônico,54.95,1348.5,não
3946-MHCZW,macho,0,não,não,1,sim,dsl,não,não,não,mês a mês,cheque enviado,50.9,50.9,sim
4623-ZKHLY,macho,0,sim,não,22,sim,não,sem serviço de internet,sem serviço de internet,sem serviço de internet,mês a mês,transferência bancária (automática),20.45,471.55,não
6732-VAILE,macho,0,sim,sim,70,sim,dsl,não,sim,sim,dois anos,cartão de crédito (automático),85.95,5931.75,não
8201-AAXCB,macho,0,sim,sim,25,sim,dsl,não,não,sim,mês a mês,cheque eletrônico,60.35,1404.65,não
7696-CFTAT,macho,0,sim,sim,37,sim,não,sem serviço de internet,sem serviço de internet,sem serviço de internet,dois anos,transferência bancária (automática),19.8,726.1,não
1845-CSBRZ,fêmea,1,sim,sim,22,sim,fibra óptica,não,não,sim,mês a mês,transferência bancária (automática),85.35,1961.6,não
2123-VSCOT,fêmea,0,sim,sim,59,sim,dsl,não,sim,sim,dois anos,transferência bancária (automática),72.1,4194.85,não
6651-AZVTJ,macho,0,sim,sim,49,sim,fibra óptica,não,não,sim,mês a mês,cheque eletrônico,99.8,4872.45,sim
4566-GOLUK,macho,0,sim,sim,47,sim,fibra óptica,não,sim,sim,mês a mês,transferência bancária (automática),107.35,5118.95,sim
2484-DGXPZ,fêmea,0,sim,sim,31,sim,não,sem serviço de internet,sem serviço de internet,sem serviço de internet,mês a mês,cheque enviado,19.55,658.95,sim
2018-QKYGT,macho,0,sim,sim,1,sim,fibra óptica,não,não,não,mês a mês,cheque eletrônico,81.05,81.05,não
2792-VPPET,macho,0,não,não,3,sim,não,sem serviço de internet,sem serviço de internet,sem serviço de internet,mês a mês,cheque eletrônico,20.5,76.95,não
7409-JURKQ,fêmea,0,sim,não,53,sim,fibra óptica,não,sim,sim,um ano,transferência bancária (automática),111.8,5809.75,não
3247-MHJKM,macho,0,não,não,1,sim,não,sem serviço de internet,sem serviço de internet,sem serviço de internet,mês a mês,cheque enviado,20.2,20.2,não
1964-SVLEA,macho,0,não,não,20,sim,não,sem serviço de internet,sem serviço de internet,sem serviço de internet,um ano,cheque enviado,19.7,415.9,não
4587-NUKOX,fêmea,0,não,não,3,sim,fibra óptica,sim,não,não,mês a mês,cheque eletrônico,79.1,246.5,sim
7297-DVYGA,fêmea,0,não,não,51,sim,não,sem serviço de internet,sem serviço de internet,sem serviço de internet,um ano,transferência bancária (automática),19.85,996.95,não
2239-CGBUZ,fêmea,0,sim,não,51,sim,dsl,sim,sim,não,um ano,transferência bancária (automática),60.5,3145.15,não
0854-UYHZD,fêmea,0,sim,sim,13,sim,não,sem serviço de internet,sem serviço de internet,sem serviço de internet,dois anos,cheque enviado,19.55,265.3,não
7243-LCGGZ,fêmea,0,não,não,1,sim,não,sem serviço de internet,sem serviço de internet,sem serviço de internet,mês a mês,cheque enviado,20.9,20.9,não
8267-KFGYD,macho,0,não,sim,1,sim,não,sem serviço de internet,sem serviço de internet,sem serviço de internet,mês a mês,cheque enviado,21.05,21.05,não
4890-VMUAV,macho,0,não,não,63,sim,dsl,sim,sim,não,um ano,cheque eletrônico,71.5,4576.3,não
9261-WDCAF,macho,0,não,não,3,sim,dsl,não,não,não,mês a mês,cheque enviado,54.65,189.1,não
3764-MNMOI,macho,0,não,não,46,sim,não,sem serviço de internet,sem serviço de internet,sem serviço de internet,dois anos,cartão de crédito (automático),19.2,908.15,não
7442-YGZFK,macho,0,não,não,1,sim,dsl,não,não,não,mês a mês,cartão de crédito (automático),49.8,49.8,não
0420-BWTPW,macho,0,não,sim,8,não,dsl,não,não,não,mês a mês,cheque enviado,25.5,215.2,sim
8229-BUJHX,fêmea,0,sim,sim,71,sim,não,sem serviço de internet,sem serviço de internet,sem serviço de internet,dois anos,transferência bancária (automática),20.5,1500.95,não
7449-HVPIV,macho,0,sim,sim,55,sim,fibra óptica,não,não,sim,mês a mês,cartão de crédito (automático),90.4,5099.15,não
5504-WSIUR,fêmea,0,não,não,70,sim,fibra óptica,não,sim,não,um ano,transferência bancária (automática),90.25,6385.95,não
8183-ONMXC,fêmea,0,não,não,2,sim,fibra óptica,não,não,não,mês a mês,cheque eletrônico,80.75,159.45,sim
8466-PZBLH,macho,0,sim,sim,67,sim,fibra óptica,sim,sim,sim,dois anos,transferência bancária (automática),104.6,6885.75,não
9614-RMGHA,macho,0,sim,não,65,sim,fibra óptica,não,não,sim,mês a mês,transferência bancária (automática),91.85,5940.85,sim
8735-IJJEG,macho,0,sim,não,14,sim,dsl,não,não,não,mês a mês,cartão de crédito (automático),50.2,668.85,não
0564-MUUQK,fêmea,0,sim,sim,20,sim,fibra óptica,não,sim,não,mês a mês,transferência bancária (automática),95.5,1916.2,não
5054-IEXZT,macho,0,não,sim,1,sim,fibra óptica,não,não,não,mês a mês,cheque eletrônico,75.35,75.35,sim
5834-ASPWA,macho,0,não,não,1,sim,fibra óptica,não,não,não,mês a mês,cheque eletrônico,75.45,75.45,sim
0701-RFGFI,fêmea,0,sim,sim,49,sim,fibra óptica,não,não,sim,mês a mês,transferência bancária (automática),95.4,4613.95,não
0019-EFAEP,fêmea,0,não,não,72,sim,fibra óptica,sim,não,sim,dois anos,transferência bancária (automática),101.3,7261.25,não
5619-PTMIK,fêmea,0,sim,não,46,sim,dsl,sim,não,não,mês a mês,cheque eletrônico,53.1,2459.8,não
3737-XBQDD,macho,0,não,não,24,sim,fibra óptica,não,não,não,mês a mês,transferência bancária (automática),84.85,2048.8,não
5882-CMAZQ,fêmea,0,sim,sim,5,não,dsl,não,sim,não,mês a mês,cheque eletrônico,34.25,163.55,não
5846-QFDFI,fêmea,0,sim,sim,33,sim,fibra óptica,não,sim,não,mês a mês,cartão de crédito (automático),88.6,2888.7,não
4445-KWOKW,fêmea,0,não,não,42,sim,dsl,sim,não,não,um ano,transferência bancária (automática),60.15,2421.6,não
3511-APPBJ,macho,0,não,não,23,sim,fibra óptica,sim,não,sim,um ano,cartão de crédito (automático),99.95,2292.75,não
7967-HYCDE,macho,0,não,não,8,sim,fibra óptica,não,não,não,mês a mês,transferência bancária (automática),70.7,553.4,não
2430-RRYUW,macho,0,não,não,66,sim,dsl,sim,não,não,um ano,cheque enviado,54.8,3465.7,não
3948-XHGNA,macho,0,não,não,24,sim,dsl,sim,não,não,mês a mês,transferência bancária (automática),49.55,1210.4,sim
3723-BFBGR,macho,1,não,não,24,sim,dsl,não,não,não,mês a mês,cartão de crédito (automático),54.8,1291.3,não
0565-IYCGT,macho,0,não,não,69,sim,dsl,sim,sim,não,um ano,cartão de crédito (automático),78.6,5356.45,sim
5447-WZAFP,fêmea,0,não,não,53,sim,fibra óptica,não,não,sim,um ano,cheque enviado,100.3,5200.8,não
5110-CHOPY,fêmea,0,não,não,60,não,dsl,sim,não,sim,dois anos,cheque eletrônico,53.6,3237.05,não
5445-UTODQ,fêmea,0,sim,não,7,sim,fibra óptica,não,não,sim,mês a mês,cheque eletrônico,81.1,576.65,sim
4425-OWHWB,fêmea,0,não,não,20,sim,não,sem serviço de internet,sem serviço de internet,sem serviço de internet,um ano,cartão de crédito (automático),19.35,433.75,não
7892-QVYKW,fêmea,0,sim,sim,23,sim,fibra óptica,não,não,não,mês a mês,cheque eletrônico,85.6,1868.4,não
9675-ICXCT,macho,0,sim,sim,72,sim,dsl,sim,sim,sim,dois anos,cheque eletrônico,80.8,5728.55,não
1024-VRZHF,macho,0,sim,não,11,sim,fibra óptica,não,não,não,mês a mês,cheque eletrônico,74.95,825.7,sim
4703-MQYKT,macho,0,não,não,21,sim,não,sem serviço de internet,sem serviço de internet,sem serviço de internet,dois anos,cheque enviado,19.6,390.4,não
9497-QCMMS,macho,1,não,não,1,sim,fibra óptica,não,não,sim,mês a mês,cheque eletrônico,93.55,93.55,sim
5692-ICXLW,macho,1,não,não,31,sim,fibra óptica,não,não,sim,mês a mês,cheque eletrônico,90.7,2845.15,não
0602-DDUML,fêmea,0,não,não,57,sim,dsl,não,sim,sim,dois anos,cheque enviado,69.75,3894.4,não
2208-MPXIO,fêmea,0,sim,sim,45,sim,não,sem serviço de internet,sem serviço de internet,sem serviço de internet,dois anos,transferência bancária (automática),20.0,886.4,não
1960-UYCNN,macho,0,não,não,10,sim,fibra óptica,não,não,não,mês a mês,cheque eletrônico,95.25,1021.55,não
0348-SDKOL,fêmea,0,sim,não,58,sim,fibra óptica,não,sim,sim,mês a mês,cartão de crédito (automático),102.1,5885.4,sim
3190-FZATL,macho,0,não,sim,14,sim,não,sem serviço de internet,sem serviço de internet,sem serviço de internet,mês a mês,cheque enviado,19.95,268.4,não
7336-RLLRH,macho,0,sim,não,27,sim,dsl,sim,sim,sim,um ano,cheque enviado,80.85,2204.35,não
4373-MAVJG,fêmea,0,sim,sim,14,sim,fibra óptica,não,não,não,mês a mês,transferência bancária (automática),90.9,1259.0,sim
8901-HJXTF,fêmea,0,sim,sim,12,não,dsl,não,não,não,mês a mês,cheque enviado,29.2,309.1,sim
7710-JSYOA,fêmea,0,sim,sim,69,sim,fibra óptica,não,sim,não,dois anos,transferência bancária (automática),93.3,6398.05,não
5419-KLXBN,fêmea,0,sim,sim,25,sim,fibra óptica,não,não,sim,mês a mês,transferência bancária (automática),89.15,2257.75,sim
3424-NMNBO,macho,1,sim,não,58,sim,fibra óptica,sim,não,sim,um ano,cheque eletrônico,108.85,6287.25,sim
9885-MFVSU,fêmea,0,sim,sim,35,não,dsl,sim,sim,sim,dois anos,cartão de crédito (automático),46.35,1662.05,não
4514-GFCFI,fêmea,1,não,não,16,sim,fibra óptica,não,não,sim,mês a mês,cheque eletrônico,84.75,1350.15,sim
0607-MVMGC,macho,0,sim,sim,45,sim,dsl,não,não,sim,um ano,cartão de crédito (automático),78.75,3600.65,não
3365-SAIGS,fêmea,0,não,não,17,sim,fibra óptica,não,não,sim,mês a mês,cheque eletrônico,83.55,1329.15,não
9828-AOQLM,fêmea,0,sim,sim,1,sim,dsl,não,não,não,mês a mês,cheque eletrônico,45.7,45.7,sim
8022-BECSI,macho,0,não,não,22,sim,não,sem serviço de internet,sem serviço de internet,sem serviço de internet,um ano,cheque enviado,19.6,422.5,não
8000-REIQB,fêmea,1,não,não,1,sim,fibra óptica,não,não,não,mês a mês,cheque eletrônico,69.95,69.95,sim
9993-LHIEB,macho,0,sim,sim,67,sim,dsl,sim,sim,não,dois anos,cheque enviado,67.85,4627.65,não
0266-CLZKZ,fêmea,0,sim,sim,67,sim,fibra óptica,não,sim,sim,dois anos,transferência bancária (automática),105.65,6717.9,não
7615-ESMYF,fêmea,0,sim,não,2,não,dsl,não,não,sim,mês a mês,cheque eletrônico,44.6,97.1,sim
3858-VOBET,macho,0,não,não,23,sim,fibra óptica,não,não,não,mês a mês,cheque eletrônico,74.95,1710.45,sim
7020-OZKXZ,fêmea,1,não,não,9,sim,fibra óptica,não,não,não,mês a mês,cartão de crédito (automático),75.5,637.4,não
3977-QCRSL,fêmea,0,não,não,5,sim,não,sem serviço de internet,sem serviço de internet,sem serviço de internet,mês a mês,cheque enviado,20.15,117.95,não
0017-DINOC,macho,0,não,não,54,não,dsl,sim,sim,sim,dois anos,cartão de crédito (automático),45.2,2460.55,não
1447-PJGGA,fêmea,0,não,não,57,sim,fibra óptica,não,não,sim,dois anos,cheque eletrônico,95.25,5464.65,sim
8565-CLBZW,macho,0,não,não,24,sim,fibra óptica,não,não,sim,mês a mês,cheque enviado,89.85,2165.05,sim
9139-WQQDY,fêmea,0,sim,sim,49,sim,fibra óptica,não,não,sim,um ano,cheque enviado,100.45,4941.8,sim
0224-HJAPT,macho,0,não,não,5,sim,dsl,não,não,não,mês a mês,cheque eletrônico,47.15,223.15,sim
8086-OVPWV,macho,0,não,não,2,sim,fibra óptica,não,não,não,mês a mês,cheque eletrônico,80.2,181.1,sim
9430-FRQOC,fêmea,0,não,sim,4,sim,fibra óptica,não,sim,não,mês a mês,cheque enviado,87.1,341.45,sim
7639-OPLNG,macho,0,sim,sim,70,sim,dsl,sim,sim,sim,dois anos,transferência bancária (automática),79.25,5731.85,não
3074-GQWYX,macho,0,não,não,5,sim,fibra óptica,não,não,não,mês a mês,transferência bancária (automática),75.9,357.75,sim
1492-QGCLU,macho,0,sim,sim,53,sim,dsl,sim,sim,sim,mês a mês,cheque eletrônico,85.7,4616.1,não
6845-RGTYS,fêmea,0,sim,não,47,sim,fibra óptica,sim,não,sim,mês a mês,cheque eletrônico,98.75,4533.7,sim
7328-OWMOM,fêmea,0,não,sim,31,sim,não,sem serviço de internet,sem serviço de internet,sem serviço de internet,um ano,cartão de crédito (automático),20.1,589.25,não
4418-LZMSV,macho,0,sim,sim,13,sim,dsl,não,sim,não,mês a mês,transferência bancária (automática),61.8,750.1,não
5155-AZQPB,fêmea,0,sim,sim,28,sim,dsl,não,não,não,mês a mês,cheque enviado,49.9,1410.25,não
8861-HGGKB,fêmea,0,não,não,10,sim,fibra óptica,não,não,não,mês a mês,cheque eletrônico,86.45,830.85,sim
1087-GRUYI,macho,0,sim,não,38,sim,não,sem serviço de internet,sem serviço de internet,sem serviço de internet,dois anos,transferência bancária (automática),20.4,743.5,não
7065-YUNRY,fêmea,0,não,não,1,sim,dsl,não,não,não,mês a mês,cheque enviado,45.3,45.3,sim
7694-VLBWQ,macho,0,sim,não,67,sim,fibra óptica,não,não,sim,um ano,cheque eletrônico,104.1,7040.85,sim
2546-KZAAT,macho,0,sim,não,52,sim,dsl,sim,não,sim,um ano,cheque enviado,75.4,3865.45,não
0181-RITDD,macho,0,sim,sim,62,sim,fibra óptica,sim,sim,sim,dois anos,cheque enviado,108.15,6825.65,não
5989-PGKJB,fêmea,0,não,não,16,sim,fibra óptica,não,não,não,mês a mês,cheque eletrônico,86.25,1340.1,não
4795-KTRTH,fêmea,1,sim,não,5,sim,fibra óptica,não,não,não,mês a mês,cheque eletrônico,81.0,371.65,sim
8272-ONJLV,macho,0,não,não,12,sim,fibra óptica,não,não,sim,um ano,cheque eletrônico,95.7,1184.0,não
1488-PBLJN,fêmea,0,sim,sim,72,sim,fibra óptica,sim,sim,sim,dois anos,transferência bancária (automática),116.85,8477.7,não
0308-GIQJT,macho,1,não,não,71,sim,fibra óptica,não,sim,sim,um ano,transferência bancária (automática),105.75,7382.85,não
3778-FOAQW,fêmea,0,sim,não,24,sim,não,sem serviço de internet,sem serviço de internet,sem serviço de internet,um ano,cheque enviado,20.15,456.85,não
4452-ROHMO,fêmea,0,não,não,15,sim,não,sem serviço de internet,sem serviço de internet,sem serviço de internet,dois anos,cheque enviado,19.6,331.6,não
6481-OGDOO,macho,0,sim,não,67,sim,fibra óptica,sim,não,não,um ano,cartão de crédito (automático),90.6,6056.15,sim
3090-LETTY,macho,0,não,sim,2,sim,dsl,sim,não,não,mês a mês,transferência bancária (automática),60.95,134.6,não
5349-AZPEW,fêmea,0,sim,sim,5,não,dsl,não,não,não,mês a mês,cheque enviado,25.05,125.5,não
3753-TSEMP,fêmea,0,sim,não,15,sim,fibra óptica,não,não,sim,mês a mês,cheque eletrônico,88.15,1390.6,sim
8305-VHZBZ,macho,0,não,não,1,sim,não,sem serviço de internet,sem serviço de internet,sem serviço de internet,mês a mês,cheque enviado,20.2,20.2,sim
9720-JJJOR,macho,0,sim,sim,41,sim,dsl,sim,não,não,um ano,transferência bancária (automática),60.3,2511.3,não
8100-HZZLJ,fêmea,0,não,sim,43,sim,dsl,sim,não,não,mês a mês,cheque eletrônico,63.95,2737.05,não
8775-ERLNB,macho,1,sim,não,1,sim,fibra óptica,não,não,não,mês a mês,cheque eletrônico,74.3,74.3,não
8309-IEYJD,fêmea,1,não,não,1,sim,fibra óptica,não,não,não,mês a mês,cheque enviado,70.6,70.6,não
9172-JITSM,fêmea,0,sim,sim,26,sim,fibra óptica,não,não,sim,mês a mês,cheque eletrônico,90.8,2361.8,sim
6298-QDFNH,macho,0,não,não,22,sim,fibra óptica,não,não,não,mês a mês,cheque eletrônico,79.35,1730.35,sim
7398-HPYZQ,macho,0,sim,não,71,sim,dsl,sim,sim,sim,dois anos,transferência bancária (automática),90.55,6404.0,não
3546-GHEAE,macho,0,não,não,7,sim,não,sem serviço de internet,sem serviço de internet,sem serviço de internet,dois anos,cheque enviado,19.45,165.35,não
7361-YPXFS,fêmea,1,não,não,28,sim,dsl,não,sim,não,mês a mês,transferência bancária (automática),64.45,1867.6,não
6557-BZXLQ,macho,1,não,não,16,sim,fibra óptica,não,não,não,mês a mês,cheque eletrônico,69.65,1043.3,não
2550-QHZGP,macho,0,não,não,7,sim,não,sem serviço de internet,sem serviço de internet,sem serviço de internet,um ano,cheque enviado,19.5,128.6,não
7519-JTWQH,fêmea,0,não,não,69,sim,fibra óptica,não,sim,sim,dois anos,transferência bancária (automática),110.5,7455.45,não
2538-OIMXF,fêmea,0,não,sim,1,não,dsl,não,não,não,mês a mês,cheque enviado,24.7,24.7,não
8543-MSDMF,macho,0,não,não,3,sim,dsl,sim,não,sim,mês a mês,cheque eletrônico,77.4,206.15,não
9961-JBNMK,macho,1,não,não,21,sim,fibra óptica,não,não,sim,mês a mês,transferência bancária (automática),96.8,2030.3,sim
1170-SASML,fêmea,0,sim,não,69,sim,fibra óptica,não,não,não,mês a mês,transferência bancária (automática),85.4,5869.4,não
4872-JCVCA,fêmea,0,sim,não,71,não,dsl,sim,sim,não,dois anos,transferência bancária (automática),47.6,3377.8,não
5346-BZCHP,fêmea,0,sim,sim,69,sim,não,sem serviço de internet,sem serviço de internet,sem serviço de internet,dois anos,cheque enviado,19.4,1346.2,não
2038-LLMLM,fêmea,0,não,não,48,sim,fibra óptica,não,sim,sim,mês a mês,cheque eletrônico,103.85,4946.05,não
6173-ITPWD,macho,0,sim,não,47,sim,fibra óptica,não,não,não,mês a mês,transferência bancária (automática),83.35,4065.0,sim
9734-UYXQI,fêmea,0,não,não,2,sim,dsl,não,não,não,mês a mês,cheque eletrônico,49.4,106.55,sim
1216-BGTSP,macho,0,não,não,45,sim,fibra óptica,sim,sim,sim,mês a mês,cartão de crédito (automático),108.45,4964.7,não
4138-NAXED,macho,0,não,não,51,sim,fibra óptica,não,não,não,mês a mês,transferência bancária (automática),81.0,4085.75,não
2189-UXTKY,fêmea,0,sim,não,22,sim,dsl,sim,sim,sim,mês a mês,cheque eletrônico,79.2,1742.75,sim
0744-BIKKF,macho,0,não,não,72,sim,dsl,sim,sim,sim,dois anos,transferência bancária (automática),86.65,6224.8,não
7483-IQWIB,macho,0,sim,sim,37,sim,fibra óptica,não,não,sim,mês a mês,cheque eletrônico,92.95,3415.25,não
5248-KWLAR,macho,0,sim,sim,71,sim,dsl,sim,sim,sim,dois anos,cheque eletrônico,90.35,6325.25,não
4958-GZWIY,macho,0,sim,sim,7,sim,dsl,não,não,não,mês a mês,cheque eletrônico,48.7,340.25,sim
7996-MHXLW,fêmea,0,não,não,66,sim,não,sem serviço de internet,sem serviço de internet,sem serviço de internet,dois anos,cartão de crédito (automático),25.15,1683.6,não
7833-PKIHD,macho,0,sim,sim,51,sim,dsl,sim,sim,sim,um ano,transferência bancária (automática),76.4,3966.3,não
7061-OVMIM,fêmea,0,sim,sim,30,sim,não,sem serviço de internet,sem serviço de internet,sem serviço de internet,um ano,transferência bancária (automática),19.55,608.5,não
5153-RTHKF,fêmea,0,não,não,34,sim,fibra óptica,não,não,sim,mês a mês,cheque eletrônico,85.35,2896.6,não
1852-QSWCD,macho,0,sim,sim,64,sim,não,sem serviço de internet,sem serviço de internet,sem serviço de internet,dois anos,cheque enviado,24.8,1514.85,não
4832-VRBMR,macho,1,sim,não,65,sim,fibra óptica,não,não,sim,um ano,transferência bancária (automática),103.15,6792.45,não
9079-LWTFD,macho,0,não,não,47,sim,fibra óptica,sim,sim,sim,mês a mês,cheque enviado,100.75,4669.2,não
6356-ELRKD,fêmea,0,não,não,1,sim,fibra óptica,sim,não,sim,mês a mês,cheque eletrônico,95.6,95.6,sim
8624-GIOUT,fêmea,0,não,não,49,sim,dsl,sim,não,não,mês a mês,cartão de crédito (automático),59.75,2934.3,sim
3392-EHMNK,fêmea,0,sim,sim,67,sim,fibra óptica,não,sim,sim,dois anos,cartão de crédito (automático),94.1,6302.8,não
5986-WWXDV,macho,0,não,sim,39,sim,não,sem serviço de internet,sem serviço de internet,sem serviço de internet,um ano,transferência bancária (automática),19.35,779.2,não
3061-BCKYI,macho,0,não,não,14,sim,não,sem serviço de internet,sem serviço de internet,sem serviço de internet,mês a mês,cheque enviado,19.9,283.75,não
6179-GJPSO,fêmea,1,não,não,43,sim,fibra óptica,sim,sim,sim,mês a mês,cartão de crédito (automático),108.15,4600.7,sim
7901-TBKJX,macho,1,não,não,56,sim,fibra óptica,não,não,sim,mês a mês,cheque eletrônico,101.05,5594.0,não
7228-PAQPD,fêmea,0,não,não,14,sim,dsl,não,sim,não,um ano,cartão de crédito (automático),59.1,772.85,não
3177-LASXD,fêmea,0,não,não,1,sim,fibra óptica,não,não,não,mês a mês,cheque eletrônico,71.35,71.35,sim
7746-QYVCO,macho,0,sim,sim,16,sim,dsl,sim,não,não,um ano,cheque enviado,55.85,857.8,não
5804-HYIEZ,macho,0,sim,sim,70,sim,fibra óptica,sim,não,sim,mês a mês,cheque eletrônico,106.05,7554.05,não
9919-FZDED,macho,1,sim,não,72,sim,dsl,sim,não,sim,dois anos,cartão de crédito (automático),84.1,5981.65,não
5934-TSSAU,fêmea,0,sim,sim,23,sim,fibra óptica,não,não,não,mês a mês,cartão de crédito (automático),75.3,1702.9,não
3486-KHMLI,macho,0,não,sim,21,sim,não,sem serviço de internet,sem serviço de internet,sem serviço de internet,mês a mês,cheque enviado,24.7,467.15,não
4897-QSUYC,fêmea,0,não,não,1,sim,não,sem serviço de internet,sem serviço de internet,sem serviço de internet,mês a mês,cheque enviado,20.15,20.15,sim
1084-UQCHV,macho,0,não,sim,1,sim,fibra óptica,não,não,não,mês a mês,transferência bancária (automática),69.75,69.75,sim
8290-YWKHZ,fêmea,1,sim,não,32,sim,fibra óptica,não,não,sim,mês a mês,cheque eletrônico,93.2,2931.0,sim
2955-BJZHG,macho,0,sim,sim,17,sim,fibra óptica,não,não,sim,mês a mês,cheque eletrônico,80.85,1400.85,sim
3806-DXQOM,fêmea,0,não,não,4,não,dsl,sim,não,não,mês a mês,cheque eletrônico,33.65,137.85,sim
6784-XYJAE,fêmea,0,não,não,36,sim,dsl,não,não,não,um ano,cheque eletrônico,55.8,1941.5,não
3933-DQPWX,fêmea,0,não,não,50,não,dsl,não,sim,não,dois anos,cartão de crédito (automático),39.7,1932.75,não
6661-EIPZC,fêmea,0,sim,sim,48,não,dsl,não,sim,não,mês a mês,cartão de crédito (automático),29.5,1423.05,não
8957-THMOA,fêmea,0,não,sim,50,sim,não,sem serviço de internet,sem serviço de internet,sem serviço de internet,dois anos,cartão de crédito (automático),20.15,970.85,não
2251-PYLPB,macho,0,sim,não,72,sim,dsl,sim,sim,não,dois anos,cartão de crédito (automático),79.55,5810.9,não
5555-RNPGT,macho,0,não,sim,10,sim,não,sem serviço de internet,sem serviço de internet,sem serviço de internet,mês a mês,cartão de crédito (automático),24.8,223.9,não
1057-FOGLZ,fêmea,0,não,não,18,sim,não,sem serviço de internet,sem serviço de internet,sem serviço de internet,mês a mês,cheque enviado,19.65,391.7,não
9300-RENDD,macho,0,não,não,1,sim,fibra óptica,não,não,sim,mês a mês,cheque eletrônico,79.95,79.95,sim
0761-AETCS,fêmea,0,não,não,1,sim,não,sem serviço de internet,sem serviço de internet,sem serviço de internet,mês a mês,cheque eletrônico,19.3,19.3,sim
8087-LGYHQ,macho,0,não,não,9,sim,fibra óptica,não,não,sim,mês a mês,cheque eletrônico,94.05,811.65,não
4137-BTIKL,macho,0,não,não,2,sim,fibra óptica,sim,não,não,mês a mês,cheque enviado,90.75,174.75,não
2190-BCXEC,fêmea,0,sim,não,40,sim,fibra óptica,não,sim,não,mês a mês,cartão de crédito (automático),78.85,3126.85,não
6227-FBDXH,macho,0,sim,não,69,sim,fibra óptica,não,não,sim,um ano,transferência bancária (automática),99.5,6841.45,não
2153-MREFK,fêmea,0,sim,não,37,sim,fibra óptica,sim,sim,não,um ano,cheque eletrônico,99.2,3754.6,sim
2911-WDXMV,macho,0,não,sim,18,sim,fibra óptica,não,não,não,mês a mês,cartão de crédito (automático),80.55,1406.65,não
7206-PQBBZ,macho,1,sim,não,11,sim,fibra óptica,não,não,não,mês a mês,cheque eletrônico,70.2,834.7,não
3106-ULWFW,fêmea,0,sim,não,8,sim,fibra óptica,não,não,não,mês a mês,cartão de crédito (automático),85.2,627.4,sim
0925-VYDLG,fêmea,0,não,não,3,sim,fibra óptica,não,não,não,mês a mês,cheque eletrônico,75.25,242.0,sim
4547-FZJWE,macho,0,sim,sim,55,sim,dsl,sim,não,não,um ano,cartão de crédito (automático),59.45,3157.0,não
7422-WNBTY,macho,0,sim,não,33,sim,fibra óptica,não,não,não,mês a mês,cheque eletrônico,93.35,3092.0,não
0842-IWYCP,fêmea,0,não,não,46,sim,dsl,não,não,não,mês a mês,transferência bancária (automática),44.95,2168.9,não
3521-HTQTV,macho,0,não,não,34,sim,não,sem serviço de internet,sem serviço de internet,sem serviço de internet,dois anos,transferência bancária (automática),26.1,980.35,não
3744-ZBHON,fêmea,0,não,não,3,sim,não,sem serviço de internet,sem serviço de internet,sem serviço de internet,mês a mês,cheque eletrônico,20.2,65.95,não
3373-DIUUN,macho,0,sim,sim,30,sim,não,sem serviço de internet,sem serviço de internet,sem serviço de internet,dois anos,cheque enviado,21.25,711.9,não
8383-SGHJU,fêmea,0,não,não,33,sim,dsl,sim,sim,não,um ano,cheque eletrônico,59.4,1952.8,não
7607-QKKTJ,macho,0,sim,sim,45,sim,fibra óptica,não,não,não,um ano,cartão de crédito (automático),95.0,4368.85,não
7707-PYBBH,macho,0,não,não,40,sim,dsl,sim,sim,não,mês a mês,cheque enviado,61.9,2647.1,não
8984-HPEMB,fêmea,0,não,não,71,sim,fibra óptica,sim,sim,sim,dois anos,cheque eletrônico,118.65,8477.6,não
4349-GFQHK,macho,0,não,não,1,sim,dsl,não,não,não,mês a mês,cheque eletrônico,54.35,54.35,sim
4139-DETXS,fêmea,0,sim,sim,72,não,dsl,sim,sim,sim,dois anos,transferência bancária (automática),64.45,4528.0,não
9779-DPNEJ,fêmea,0,sim,sim,22,sim,fibra óptica,não,não,não,mês a mês,cheque eletrônico,80.15,1790.65,não
9805-FILKB,macho,0,sim,sim,46,sim,não,sem serviço de internet,sem serviço de internet,sem serviço de internet,um ano,transferência bancária (automática),20.2,845.6,não
5793-YOLJN,fêmea,0,sim,sim,55,sim,não,sem serviço de internet,sem serviço de internet,sem serviço de internet,dois anos,cheque enviado,21.0,1210.3,não
0673-IGUQO,macho,0,não,não,1,sim,não,sem serviço de internet,sem serviço de internet,sem serviço de internet,mês a mês,cheque enviado,20.45,20.45,não
4123-FCVCB,fêmea,0,não,não,12,sim,dsl,não,sim,sim,um ano,cheque enviado,75.85,854.45,não
8819-IMISP,macho,0,não,não,31,sim,fibra óptica,não,não,não,mês a mês,cheque eletrônico,80.45,2429.1,não
7802-EFKNY,macho,0,sim,não,5,não,dsl,não,não,não,mês a mês,cheque eletrônico,24.95,100.4,sim
8311-UEUAB,fêmea,0,sim,sim,67,sim,dsl,sim,não,sim,dois anos,cheque eletrônico,75.5,5229.45,não
5858-EAFCZ,macho,0,não,não,1,sim,dsl,não,não,não,mês a mês,cheque enviado,44.45,44.45,não
8035-BUYVG,macho,0,sim,não,40,não,dsl,sim,não,não,um ano,cheque eletrônico,42.35,1716.45,sim
1163-ONYEY,macho,0,sim,sim,41,sim,dsl,sim,não,sim,mês a mês,cartão de crédito (automático),74.55,3023.55,não
9787-XVQIU,macho,0,não,não,1,sim,fibra óptica,não,não,não,mês a mês,cheque eletrônico,75.3,75.3,sim
8945-MUQUF,macho,0,não,não,51,sim,fibra óptica,sim,não,sim,um ano,cheque eletrônico,94.8,4837.6,sim
5656-MJEFC,macho,0,sim,sim,42,não,dsl,sim,sim,sim,dois anos,cartão de crédito (automático),48.15,2032.3,não
6082-OQFBA,macho,0,sim,sim,23,sim,não,sem serviço de internet,sem serviço de internet,sem serviço de internet,um ano,cheque enviado,19.65,436.9,não
8051-HJRLT,fêmea,1,não,não,1,sim,fibra óptica,não,não,não,mês a mês,cheque eletrônico,70.55,70.55,sim
8974-OVACP,fêmea,0,não,não,1,sim,não,sem serviço de internet,sem serviço de internet,sem serviço de internet,mês a mês,cheque enviado,20.15,20.15,não
4010-YLMVT,fêmea,0,não,não,56,sim,fibra óptica,sim,não,sim,mês a mês,cartão de crédito (automático),106.6,5893.95,não
1379-FRVEB,macho,0,não,sim,15,sim,fibra óptica,não,não,sim,mês a mês,cheque eletrônico,91.0,1430.05,não
8612-GXIDD,macho,0,sim,sim,12,sim,não,sem serviço de internet,sem serviço de internet,sem serviço de internet,dois anos,transferência bancária (automática),25.4,313.0,não
6288-CHQJB,fêmea,0,sim,sim,54,sim,dsl,sim,sim,não,dois anos,transferência bancária (automática),69.95,3871.85,não
8160-HOWOX,fêmea,0,não,não,7,sim,dsl,não,não,sim,mês a mês,cheque eletrônico,66.85,458.1,não
3023-GFLBR,fêmea,0,sim,sim,33,sim,fibra óptica,não,não,não,mês a mês,cartão de crédito (automático),86.15,2745.7,sim
6648-INWPS,macho,0,sim,sim,16,sim,não,sem serviço de internet,sem serviço de internet,sem serviço de internet,mês a mês,cheque eletrônico,20.15,341.35,não
4223-BKEOR,fêmea,0,não,sim,21,sim,dsl,sim,não,não,um ano,cheque enviado,64.85,1336.8,não
4079-VTGLK,macho,1,sim,não,30,sim,dsl,não,não,sim,dois anos,cheque eletrônico,74.85,2181.75,não
1763-WQFUK,macho,0,não,não,3,sim,dsl,não,sim,não,mês a mês,cheque enviado,50.5,147.75,não
1391-UBDAR,macho,0,não,não,11,sim,fibra óptica,não,não,não,mês a mês,cheque eletrônico,72.9,818.45,não
8894-JVDCV,fêmea,0,não,não,62,sim,fibra óptica,sim,sim,sim,um ano,cartão de crédito (automático),115.05,7133.45,não
2023-VQFDL,macho,0,não,não,18,sim,não,sem serviço de internet,sem serviço de internet,sem serviço de internet,mês a mês,cheque eletrônico,19.0,348.8,não
1345-GKDZZ,macho,0,não,sim,6,sim,não,sem serviço de internet,sem serviço de internet,sem serviço de internet,mês a mês,cheque enviado,19.55,128.6,não
2014-MKGMH,fêmea,0,não,não,46,sim,fibra óptica,não,não,sim,um ano,cheque eletrônico,101.1,4674.4,não
5628-FCGYG,macho,0,não,não,21,sim,fibra óptica,não,não,não,mês a mês,cheque eletrônico,84.1,1737.45,não
2560-WBWXF,macho,0,não,não,68,sim,não,sem serviço de internet,sem serviço de internet,sem serviço de internet,dois anos,transferência bancária (automática),24.15,1498.85,não
0248-IPDFW,fêmea,0,não,não,1,sim,dsl,não,não,não,mês a mês,cheque eletrônico,50.1,50.1,não
7978-DKUQH,fêmea,0,sim,não,25,sim,fibra óptica,não,não,não,mês a mês,cheque eletrônico,74.6,1797.75,não
4335-UPJSI,fêmea,0,não,sim,24,sim,não,sem serviço de internet,sem serviço de internet,sem serviço de internet,dois anos,cheque enviado,19.75,498.1,não
0524-IAVZO,fêmea,0,sim,não,30,sim,fibra óptica,não,não,não,mês a mês,cheque eletrônico,85.0,2624.25,sim
2737-YNGYW,fêmea,0,não,não,2,sim,fibra óptica,não,não,não,mês a mês,cheque eletrônico,80.55,184.1,sim
1784-EZDKJ,macho,0,sim,não,51,sim,fibra óptica,não,não,sim,um ano,transferência bancária (automática),106.8,5498.8,não
9297-FVVDH,fêmea,0,sim,sim,57,sim,dsl,sim,sim,sim,dois anos,cheque eletrônico,84.5,4845.4,não
8007-YYPWD,fêmea,0,não,não,15,sim,não,sem serviço de internet,sem serviço de internet,sem serviço de internet,dois anos,transferência bancária (automática),25.05,369.1,não
7101-HRBLJ,fêmea,0,sim,sim,72,sim,dsl,sim,sim,sim,dois anos,transferência bancária (automática),83.7,6096.9,não
5159-YFPKQ,fêmea,0,não,não,2,sim,fibra óptica,não,não,não,mês a mês,cheque eletrônico,75.8,160.75,sim
6635-CPNUN,macho,0,sim,não,28,sim,fibra óptica,não,não,sim,mês a mês,cartão de crédito (automático),96.6,2684.35,não
4021-RQSNY,macho,1,sim,não,29,sim,fibra óptica,não,não,sim,mês a mês,cheque eletrônico,98.5,3004.15,sim
5453-YBTWV,macho,0,sim,sim,70,sim,fibra óptica,sim,sim,sim,dois anos,cartão de crédito (automático),101.1,6994.8,não
5039-LZRQT,fêmea,0,não,não,13,sim,não,sem serviço de internet,sem serviço de internet,sem serviço de internet,um ano,cheque enviado,20.2,273.25,não
2931-VUVJN,fêmea,1,sim,não,59,sim,fibra óptica,sim,sim,não,um ano,cheque eletrônico,94.05,5483.9,não
9061-TIHDA,macho,1,sim,não,13,sim,fibra óptica,não,não,sim,mês a mês,cheque eletrônico,95.25,1233.65,sim
8699-ASUFO,macho,1,sim,não,7,sim,fibra óptica,não,não,não,mês a mês,cheque enviado,74.4,527.9,sim
6418-PIQSP,fêmea,0,sim,não,62,sim,dsl,sim,sim,sim,dois anos,cheque enviado,81.0,4985.9,não
8220-OCUFY,fêmea,0,não,não,21,sim,dsl,sim,sim,não,um ano,cheque eletrônico,60.25,1258.35,não
3995-WFCSM,fêmea,0,não,não,2,sim,dsl,não,não,não,mês a mês,cheque eletrônico,60.85,111.4,não
1895-QTKDO,fêmea,0,não,não,1,sim,dsl,não,não,não,mês a mês,cartão de crédito (automático),43.95,43.95,não
2038-OEQZH,macho,0,não,não,4,sim,fibra óptica,não,não,não,mês a mês,cheque eletrônico,86.05,308.1,não
1178-PZGAB,fêmea,0,não,não,19,sim,não,sem serviço de internet,sem serviço de internet,sem serviço de internet,um ano,cartão de crédito (automático),20.25,383.65,não
7927-AUXBZ,fêmea,0,não,não,30,sim,fibra óptica,não,sim,sim,mês a mês,cheque eletrônico,85.15,2555.9,sim
2626-VEEWG,macho,0,sim,sim,67,sim,não,sem serviço de internet,sem serviço de internet,sem serviço de internet,dois anos,cartão de crédito (automático),19.4,1284.2,não
2878-RMWXY,macho,1,sim,não,72,sim,fibra óptica,sim,não,não,dois anos,cartão de crédito (automático),102.65,7550.3,não
1657-DYMBM,macho,0,sim,não,53,sim,não,sem serviço de internet,sem serviço de internet,sem serviço de internet,dois anos,cartão de crédito (automático),19.9,1110.05,não
7311-MQJCH,fêmea,0,não,não,5,sim,não,sem serviço de internet,sem serviço de internet,sem serviço de internet,um ano,cheque eletrônico,19.55,99.6,não
7375-WMVMT,macho,1,sim,não,71,sim,fibra óptica,não,sim,não,dois anos,cartão de crédito (automático),95.5,6707.15,não
1136-XGEQU,fêmea,0,sim,sim,50,sim,dsl,não,sim,sim,um ano,cartão de crédito (automático),84.15,4164.4,não
2530-FMFXO,macho,0,sim,sim,56,sim,fibra óptica,não,sim,sim,dois anos,cheque eletrônico,103.2,5873.75,não
6844-DZKRF,macho,0,não,não,2,sim,dsl,não,sim,não,mês a mês,cartão de crédito (automático),50.2,109.25,não
4695-WJZUE,fêmea,1,não,não,2,sim,fibra óptica,não,não,não,mês a mês,cheque eletrônico,88.55,179.25,sim
7619-ODSGN,macho,0,sim,sim,24,sim,dsl,sim,não,não,mês a mês,cheque eletrônico,54.75,1338.15,sim
5970-GHJAW,macho,0,sim,sim,46,sim,não,sem serviço de internet,sem serviço de internet,sem serviço de internet,dois anos,cartão de crédito (automático),19.95,862.4,não
8879-XUAHX,macho,0,sim,não,71,sim,fibra óptica,sim,sim,sim,dois anos,cheque eletrônico,116.25,8564.75,não
3689-MOZGR,fêmea,0,não,não,29,não,dsl,não,sim,não,mês a mês,cheque eletrônico,31.2,926.2,não
4195-PNGZS,macho,0,sim,sim,69,sim,não,sem serviço de internet,sem serviço de internet,sem serviço de internet,dois anos,transferência bancária (automática),24.45,1718.2,não
5003-XZWWO,macho,0,sim,não,71,sim,dsl,não,sim,sim,dois anos,cartão de crédito (automático),84.2,5956.85,não
3988-RQIXO,fêmea,1,não,não,1,sim,fibra óptica,não,não,sim,mês a mês,cheque eletrônico,91.3,91.3,sim
7622-FWGEW,macho,1,sim,não,56,sim,dsl,sim,sim,sim,dois anos,transferência bancária (automática),85.65,4824.45,não
6922-NCEDI,macho,0,não,sim,56,sim,não,sem serviço de internet,sem serviço de internet,sem serviço de internet,um ano,cheque enviado,21.2,1238.65,não
2514-GINMM,macho,0,não,não,1,sim,fibra óptica,não,não,sim,mês a mês,cheque eletrônico,79.5,79.5,sim
9891-NQDBD,fêmea,0,sim,não,28,sim,não,sem serviço de internet,sem serviço de internet,sem serviço de internet,um ano,cheque enviado,25.55,672.2,não
6131-IUNXN,fêmea,0,sim,sim,19,sim,não,sem serviço de internet,sem serviço de internet,sem serviço de internet,mês a mês,cheque enviado,20.2,382.2,não
8548-AWOFC,macho,0,sim,não,66,sim,dsl,não,sim,não,mês a mês,cheque eletrônico,63.85,4264.6,não
9798-DRYDS,fêmea,0,sim,sim,17,sim,dsl,não,sim,não,um ano,cheque enviado,61.95,1070.7,não
8532-UEFWH,macho,0,sim,sim,52,sim,não,sem serviço de internet,sem serviço de internet,sem serviço de internet,dois anos,cheque enviado,25.75,1345.85,não
6296-DDOOR,fêmea,0,não,não,19,sim,dsl,não,não,sim,um ano,cheque eletrônico,58.2,1045.25,não
7951-VRDVK,fêmea,0,não,não,36,sim,dsl,sim,sim,sim,um ano,transferência bancária (automática),85.85,3003.55,não
5931-FLJJF,macho,1,sim,não,7,sim,fibra óptica,não,não,não,mês a mês,cheque enviado,70.1,467.55,sim
4815-YOSUK,macho,0,sim,sim,72,sim,fibra óptica,sim,sim,não,um ano,cartão de crédito (automático),104.9,7537.5,não
2659-VXMWZ,macho,0,sim,sim,67,sim,fibra óptica,sim,não,sim,um ano,cheque eletrônico,111.3,7482.1,sim
0380-NEAVX,macho,1,não,não,34,sim,fibra óptica,não,não,sim,um ano,cheque eletrônico,99.85,3343.15,não
3207-OYBWH,macho,1,sim,não,57,sim,fibra óptica,não,não,não,mês a mês,transferência bancária (automática),95.25,5427.05,sim
4285-GYRQC,fêmea,0,sim,não,7,sim,fibra óptica,não,não,sim,mês a mês,cheque eletrônico,86.25,587.1,sim
7216-EWTRS,fêmea,1,sim,não,1,sim,fibra óptica,não,não,sim,mês a mês,cheque eletrônico,100.8,100.8,sim
4365-MSDYN,macho,0,sim,não,8,sim,não,sem serviço de internet,sem serviço de internet,sem serviço de internet,mês a mês,transferência bancária (automática),19.55,161.15,não
7036-TYDEC,fêmea,0,não,não,69,sim,fibra óptica,não,sim,sim,dois anos,cheque eletrônico,104.0,7028.5,não
5802-ADBRC,fêmea,0,sim,não,50,sim,fibra óptica,sim,não,sim,um ano,cheque enviado,104.4,5232.9,não
8076-FEZKJ,macho,0,não,não,10,sim,não,sem serviço de internet,sem serviço de internet,sem serviço de internet,um ano,cheque enviado,19.5,225.85,não
5197-YPYBZ,fêmea,0,sim,sim,12,sim,não,sem serviço de internet,sem serviço de internet,sem serviço de internet,dois anos,cartão de crédito (automático),25.25,274.7,não
8337-MSSXB,fêmea,0,não,não,14,sim,fibra óptica,não,não,não,mês a mês,cheque eletrônico,86.3,1180.95,sim
4312-GVYNH,fêmea,0,sim,não,70,não,dsl,sim,sim,não,dois anos,transferência bancária (automática),49.85,3370.2,não
8495-LJDFO,fêmea,1,não,não,64,sim,fibra óptica,sim,sim,sim,mês a mês,transferência bancária (automática),108.95,7111.3,não
0839-JTCUD,fêmea,0,sim,sim,66,sim,dsl,sim,sim,sim,dois anos,cartão de crédito (automático),89.9,5958.85,não
5494-WOZRZ,fêmea,0,sim,sim,71,sim,dsl,sim,sim,sim,dois anos,cartão de crédito (automático),82.0,5999.85,não
1302-UHBDD,macho,1,não,não,20,sim,fibra óptica,não,não,sim,mês a mês,cheque eletrônico,89.95,1648.45,não
2234-EOFPT,macho,0,sim,não,72,sim,dsl,sim,sim,sim,dois anos,transferência bancária (automática),79.35,5753.25,não
8619-IJNDK,fêmea,0,sim,sim,71,sim,dsl,sim,sim,não,dois anos,cartão de crédito (automático),64.05,4492.9,não
8378-LKJAF,macho,0,sim,sim,38,sim,fibra óptica,não,não,sim,mês a mês,cartão de crédito (automático),101.15,3956.7,não
8182-BJDSI,fêmea,0,não,não,28,sim,fibra óptica,não,não,não,mês a mês,cheque eletrônico,89.95,2625.55,sim
2528-HFYZX,macho,1,sim,não,17,sim,fibra óptica,não,não,não,mês a mês,cheque eletrônico,76.45,1233.4,sim
1153-GNOLC,macho,0,não,não,33,não,dsl,não,não,sim,um ano,cheque eletrônico,39.1,1309.0,não
3298-QEICA,fêmea,0,sim,sim,23,não,dsl,sim,sim,não,dois anos,cheque enviado,34.6,813.45,não
0788-DXBFY,macho,0,sim,sim,58,sim,não,sem serviço de internet,sem serviço de internet,sem serviço de internet,um ano,cheque eletrônico,19.55,1108.8,não
3597-YASZG,fêmea,1,sim,não,70,sim,fibra óptica,não,sim,sim,dois anos,transferência bancária (automática),104.45,7349.35,não
3496-LFSZU,macho,0,sim,não,4,sim,fibra óptica,não,não,não,mês a mês,cheque eletrônico,70.5,294.2,não
5242-UOWHD,macho,0,sim,sim,45,sim,não,sem serviço de internet,sem serviço de internet,sem serviço de internet,dois anos,cheque enviado,20.35,929.2,não
2482-CZGBB,macho,0,não,não,10,sim,fibra óptica,não,não,não,mês a mês,cheque eletrônico,70.0,740.0,sim
6479-SZPLM,macho,0,sim,sim,36,sim,não,sem serviço de internet,sem serviço de internet,sem serviço de internet,dois anos,cartão de crédito (automático),19.45,754.5,não
8097-VBQTZ,macho,0,não,não,54,sim,dsl,sim,sim,sim,mês a mês,cheque enviado,69.9,3883.3,não
4500-HKANN,macho,0,sim,sim,23,sim,dsl,não,sim,não,dois anos,cheque enviado,59.7,1414.2,não
9917-KWRBE,fêmea,0,sim,sim,41,sim,dsl,sim,não,sim,um ano,cartão de crédito (automático),78.35,3211.2,não
3420-ZDBMA,macho,1,não,não,5,sim,fibra óptica,não,não,não,mês a mês,cheque enviado,71.45,371.6,não
2212-LYASK,macho,0,sim,sim,27,não,dsl,não,não,não,um ano,cartão de crédito (automático),45.85,1246.4,não
1393-IMKZG,fêmea,0,não,não,1,sim,fibra óptica,não,sim,sim,mês a mês,cheque eletrônico,95.85,95.85,não
8069-RHUXK,fêmea,0,sim,sim,67,não,dsl,sim,sim,não,dois anos,cartão de crédito (automático),35.7,2545.7,não
3398-GCPMU,fêmea,1,sim,sim,72,sim,dsl,sim,sim,sim,dois anos,cartão de crédito (automático),89.55,6448.85,não
2908-WGAXL,fêmea,0,sim,sim,56,sim,não,sem serviço de internet,sem serviço de internet,sem serviço de internet,dois anos,cartão de crédito (automático),24.95,1468.9,não
3378-AJRAO,macho,0,sim,sim,44,sim,não,sem serviço de internet,sem serviço de internet,sem serviço de internet,um ano,cheque eletrônico,24.85,1013.6,não
1013-QCWAM,fêmea,1,sim,não,66,sim,fibra óptica,não,não,sim,mês a mês,cheque eletrônico,100.8,6690.75,não
0866-QLSIR,fêmea,0,não,não,34,sim,dsl,sim,sim,não,um ano,cheque enviado,64.4,2088.75,sim
6050-FFXES,fêmea,0,sim,não,69,sim,fibra óptica,não,sim,sim,dois anos,transferência bancária (automática),105.35,7240.65,não
7181-BQYBV,fêmea,0,sim,sim,1,sim,fibra óptica,sim,não,sim,mês a mês,cheque eletrônico,102.45,102.45,sim
0362-RAOQO,fêmea,0,não,não,40,sim,não,sem serviço de internet,sem serviço de internet,sem serviço de internet,dois anos,cartão de crédito (automático),19.65,830.25,não
9554-DFKIC,macho,0,sim,sim,30,sim,dsl,sim,não,não,mês a mês,transferência bancária (automática),54.45,1588.7,não
5527-ACHSO,fêmea,0,não,não,11,sim,dsl,não,sim,sim,mês a mês,cheque enviado,70.5,829.3,não
0829-DDVLK,fêmea,0,não,não,15,sim,não,sem serviço de internet,sem serviço de internet,sem serviço de internet,um ano,cartão de crédito (automático),20.1,302.45,não
1399-UBQIU,macho,0,não,não,11,sim,dsl,não,não,sim,mês a mês,cheque eletrônico,69.35,712.25,não
1813-JLKWR,fêmea,0,sim,sim,64,sim,não,sem serviço de internet,sem serviço de internet,sem serviço de internet,um ano,transferência bancária (automática),19.8,1336.65,não
0336-PIKEI,macho,1,sim,não,72,sim,dsl,sim,sim,sim,dois anos,transferência bancária (automática),74.4,5360.75,não
7322-OCWHC,macho,1,sim,não,72,sim,fibra óptica,sim,sim,não,dois anos,transferência bancária (automática),93.05,6735.05,não
9537-VHDTA,fêmea,0,não,sim,1,sim,dsl,sim,não,não,mês a mês,cheque enviado,51.2,51.2,não
4957-TIALW,fêmea,0,não,sim,15,sim,dsl,sim,sim,não,um ano,cartão de crédito (automático),65.6,1010.0,não
2054-PJOCK,fêmea,0,não,não,60,sim,dsl,não,sim,sim,um ano,cartão de crédito (automático),80.55,4847.05,não
9150-HEPMB,macho,0,não,não,56,sim,dsl,sim,não,não,um ano,cheque enviado,52.7,3019.7,não
9030-QGZNL,fêmea,0,não,não,8,sim,não,sem serviço de internet,sem serviço de internet,sem serviço de internet,dois anos,cheque enviado,20.85,161.65,não
6204-IEUXJ,fêmea,0,não,não,3,sim,fibra óptica,não,sim,não,mês a mês,cartão de crédito (automático),80.1,217.55,sim
3126-WQMGH,fêmea,0,sim,não,49,sim,dsl,não,não,não,mês a mês,cartão de crédito (automático),52.15,2583.75,não
4529-CKBCL,fêmea,0,não,não,2,sim,fibra óptica,não,não,sim,mês a mês,cheque eletrônico,80.2,146.05,sim
2506-CLAKW,fêmea,0,não,não,6,sim,fibra óptica,sim,sim,não,mês a mês,transferência bancária (automática),98.15,567.45,sim
7176-WRTNX,macho,0,não,não,70,sim,fibra óptica,sim,sim,sim,dois anos,transferência bancária (automática),114.95,7711.25,não
1583-IHQZE,macho,0,não,não,12,sim,fibra óptica,não,sim,sim,mês a mês,cheque enviado,112.95,1384.75,sim
5732-IKGQH,macho,1,sim,não,52,sim,fibra óptica,sim,sim,sim,um ano,transferência bancária (automática),104.45,5481.25,não
9239-GZHZE,fêmea,0,sim,não,72,sim,fibra óptica,sim,sim,sim,dois anos,cartão de crédito (automático),113.65,8124.2,não
7205-BAIAD,fêmea,0,não,não,40,sim,não,sem serviço de internet,sem serviço de internet,sem serviço de internet,dois anos,transferência bancária (automática),20.6,827.3,não
0151-ONTOV,fêmea,0,não,não,1,sim,fibra óptica,não,não,não,mês a mês,cheque enviado,70.9,70.9,sim
4140-MUHUG,fêmea,1,não,não,3,sim,fibra óptica,não,não,sim,mês a mês,cheque eletrônico,86.85,220.95,sim
0093-EXYQL,fêmea,1,não,não,40,sim,fibra óptica,não,não,sim,mês a mês,cheque eletrônico,91.55,3673.6,não
8064-RAVOH,macho,0,não,sim,1,sim,dsl,não,não,não,mês a mês,cheque eletrônico,49.85,49.85,não
0219-QAERP,macho,0,sim,não,30,sim,não,sem serviço de internet,sem serviço de internet,sem serviço de internet,um ano,cartão de crédito (automático),19.8,576.65,não
0320-JDNQG,macho,0,sim,sim,23,sim,fibra óptica,sim,sim,sim,mês a mês,cheque eletrônico,99.85,2331.3,sim
7180-PISOG,macho,0,sim,sim,1,sim,fibra óptica,não,não,não,mês a mês,cheque eletrônico,74.5,74.5,sim
9168-INPSZ,fêmea,1,sim,não,44,sim,fibra óptica,não,sim,sim,mês a mês,cheque eletrônico,104.15,4495.65,não
3571-RFHAR,macho,0,não,não,65,sim,fibra óptica,não,sim,sim,mês a mês,cheque eletrônico,109.15,6941.2,sim
0015-UOCOJ,fêmea,1,não,não,7,sim,dsl,sim,não,não,mês a mês,cheque eletrônico,48.2,340.35,não
5334-AFQJB,macho,1,não,não,72,sim,não,sem serviço de internet,sem serviço de internet,sem serviço de internet,dois anos,cartão de crédito (automático),25.1,1789.9,não
2754-SDJRD,fêmea,1,não,não,8,sim,fibra óptica,não,sim,sim,mês a mês,cartão de crédito (automático),100.15,908.55,não
9578-VRMNM,fêmea,0,não,não,16,sim,dsl,não,não,não,mês a mês,cartão de crédito (automático),65.2,1043.35,sim
1587-FKLZB,macho,1,sim,sim,66,sim,fibra óptica,não,não,sim,mês a mês,cartão de crédito (automático),99.5,6822.15,sim
6140-QNRQQ,macho,0,não,não,1,sim,fibra óptica,não,não,não,mês a mês,cheque enviado,71.55,71.55,sim
8963-JLGJT,macho,0,não,sim,3,sim,dsl,sim,não,não,mês a mês,cheque enviado,55.9,157.55,não
4307-KTUMW,macho,0,sim,não,53,sim,fibra óptica,sim,não,não,mês a mês,cheque eletrônico,93.9,5029.2,sim
1465-LNTLJ,macho,1,sim,não,8,sim,dsl,não,sim,não,mês a mês,cartão de crédito (automático),64.4,581.7,não
5440-FLBQG,macho,1,sim,não,69,sim,fibra óptica,não,sim,sim,dois anos,transferência bancária (automática),108.4,7318.2,sim
2135-DQWAQ,fêmea,0,não,não,5,sim,fibra óptica,não,não,sim,mês a mês,cheque enviado,85.3,420.45,não
4056-QHXHZ,fêmea,0,sim,sim,72,sim,fibra óptica,sim,sim,sim,dois anos,cheque enviado,107.45,7576.7,não
7470-MCQTK,fêmea,0,sim,não,13,não,dsl,não,não,sim,mês a mês,transferência bancária (automática),48.75,633.4,sim
7488-MXJIV,fêmea,0,não,não,4,sim,fibra óptica,não,não,sim,mês a mês,cheque eletrônico,85.65,321.65,sim
7401-JIXNM,fêmea,0,sim,sim,54,sim,dsl,sim,sim,sim,dois anos,cartão de crédito (automático),91.3,4965.0,não
9339-FIIJL,macho,0,sim,não,72,sim,dsl,não,sim,sim,dois anos,transferência bancária (automática),85.95,6151.9,não
2027-FECZV,macho,0,não,não,12,sim,fibra óptica,não,não,sim,mês a mês,cheque eletrônico,106.7,1253.9,sim
2672-DZUOY,macho,0,não,não,1,não,dsl,não,não,não,mês a mês,cheque eletrônico,25.15,25.15,sim
4706-DGAHW,macho,1,não,não,1,sim,dsl,não,não,não,mês a mês,cheque eletrônico,45.2,45.2,não
3870-MQAMG,fêmea,0,sim,não,54,sim,fibra óptica,não,sim,sim,um ano,cheque eletrônico,110.35,5893.15,sim
6670-MFRPK,macho,0,sim,sim,69,sim,fibra óptica,não,não,não,dois anos,cartão de crédito (automático),79.2,5420.65,não
6177-PEVRA,fêmea,0,não,não,48,sim,dsl,sim,não,não,dois anos,cartão de crédito (automático),55.5,2627.35,não
4800-CZMPC,fêmea,0,sim,sim,48,sim,fibra óptica,sim,não,sim,um ano,cartão de crédito (automático),103.25,5037.55,sim
4813-HQMGZ,fêmea,0,sim,não,8,sim,fibra óptica,não,sim,não,mês a mês,cheque eletrônico,90.25,743.75,não
7579-KKLOE,macho,0,sim,sim,71,sim,dsl,sim,sim,sim,dois anos,cheque enviado,91.25,6589.6,não
7377-DMMRI,macho,0,não,não,2,sim,dsl,sim,não,não,mês a mês,cheque eletrônico,47.8,92.45,sim
8402-EIVQS,macho,0,sim,não,67,sim,fibra óptica,sim,não,sim,um ano,cartão de crédito (automático),100.9,6733.15,não
4947-DSMXK,macho,0,sim,sim,34,sim,fibra óptica,não,não,sim,mês a mês,transferência bancária (automática),97.7,3410.0,não
7245-NIIWQ,fêmea,0,não,não,3,sim,fibra óptica,não,não,não,mês a mês,cheque eletrônico,69.85,199.85,não
0002-ORFBO,fêmea,0,sim,sim,9,sim,dsl,não,sim,sim,um ano,cheque enviado,65.6,593.3,não
3324-OIRTO,macho,0,sim,sim,71,sim,fibra óptica,sim,não,sim,um ano,transferência bancária (automática),104.65,7288.4,não
5414-OFQCB,macho,0,não,não,57,sim,fibra óptica,não,sim,sim,dois anos,cartão de crédito (automático),90.45,5229.8,não
4967-WPNCF,macho,0,não,não,72,não,dsl,sim,sim,sim,dois anos,transferência bancária (automática),63.7,4464.8,não
8552-OBVRU,fêmea,1,sim,sim,48,sim,fibra óptica,sim,sim,sim,mês a mês,cheque eletrônico,104.5,5068.05,não
8499-BRXTD,macho,0,não,não,18,sim,não,sem serviço de internet,sem serviço de internet,sem serviço de internet,um ano,cheque enviado,20.1,401.85,não
9154-QDGTH,macho,0,sim,sim,43,sim,fibra óptica,não,sim,sim,um ano,cartão de crédito (automático),104.3,4451.85,não
8197-BFWVU,fêmea,0,sim,sim,72,sim,dsl,sim,sim,sim,dois anos,transferência bancária (automática),93.25,6688.95,não
2577-GVSIL,macho,0,sim,sim,35,sim,dsl,não,sim,sim,um ano,transferência bancária (automática),73.45,2661.1,não
9367-OIUXP,macho,0,não,não,4,sim,não,sem serviço de internet,sem serviço de internet,sem serviço de internet,mês a mês,cheque enviado,20.7,73.05,não
6770-UAYGJ,fêmea,0,sim,sim,49,sim,não,sem serviço de internet,sem serviço de internet,sem serviço de internet,dois anos,cheque enviado,25.25,1211.65,não
6463-HHXJR,fêmea,0,sim,sim,71,sim,fibra óptica,sim,não,sim,dois anos,transferência bancária (automática),100.5,7030.65,não
7928-VJYAB,macho,0,sim,sim,11,sim,fibra óptica,não,não,sim,mês a mês,cheque eletrônico,90.6,1020.2,não
1187-WILMM,macho,0,sim,sim,63,sim,dsl,sim,sim,sim,dois anos,cartão de crédito (automático),89.4,5597.65,não
9776-OJUZI,fêmea,1,não,não,65,sim,fibra óptica,não,não,sim,mês a mês,transferência bancária (automática),95.45,6223.3,não
1306-RPWXZ,fêmea,0,não,sim,49,sim,não,sem serviço de internet,sem serviço de internet,sem serviço de internet,dois anos,cartão de crédito (automático),20.45,1024.65,não
8949-JTMAY,fêmea,0,não,não,29,sim,fibra óptica,não,não,sim,mês a mês,cartão de crédito (automático),98.6,2933.2,sim
2774-LVQUS,fêmea,1,sim,não,15,sim,fibra óptica,não,sim,não,mês a mês,cheque eletrônico,83.05,1258.3,sim
3097-PYWXL,fêmea,0,sim,sim,4,sim,não,sem serviço de internet,sem serviço de internet,sem serviço de internet,mês a mês,cheque eletrônico,19.95,82.9,não
2266-SJNAT,fêmea,0,sim,não,72,sim,fibra óptica,não,sim,sim,um ano,cartão de crédito (automático),109.15,7789.6,não
0869-PAPRP,fêmea,1,sim,não,26,sim,fibra óptica,não,não,sim,mês a mês,cartão de crédito (automático),85.7,2067.0,não
4238-JSSWH,fêmea,1,sim,não,35,sim,fibra óptica,não,não,sim,mês a mês,transferência bancária (automática),102.05,3452.55,não
2972-YDYUW,fêmea,0,não,não,57,sim,fibra óptica,não,sim,não,um ano,cheque eletrônico,94.7,5468.95,não
1104-FEJAM,macho,0,sim,sim,28,sim,dsl,não,não,não,mês a mês,cheque eletrônico,64.4,1802.15,não
2809-ILCYT,fêmea,0,sim,não,25,sim,não,sem serviço de internet,sem serviço de internet,sem serviço de internet,um ano,cheque enviado,26.8,733.55,não
5499-ECUTN,fêmea,0,sim,não,47,sim,dsl,sim,não,sim,um ano,cartão de crédito (automático),66.05,3021.45,não
4981-FLTMF,fêmea,0,sim,sim,57,sim,dsl,sim,sim,não,mês a mês,transferência bancária (automática),65.2,3687.85,não
9121-PHQSR,macho,1,sim,não,16,sim,fibra óptica,não,não,sim,mês a mês,cartão de crédito (automático),85.05,1391.15,não
3113-IWHLC,macho,0,não,não,5,sim,dsl,sim,não,não,mês a mês,cheque enviado,55.8,274.35,não
3211-ILJTT,macho,0,sim,não,17,sim,fibra óptica,não,não,não,mês a mês,transferência bancária (automática),70.4,1214.05,sim
4612-THJBS,fêmea,1,não,não,56,sim,fibra óptica,não,não,sim,um ano,transferência bancária (automática),104.75,5510.65,sim
4277-BWBML,macho,0,sim,sim,72,sim,não,sem serviço de internet,sem serviço de internet,sem serviço de internet,dois anos,transferência bancária (automática),19.95,1322.85,não
4094-NSEDU,fêmea,1,não,não,21,sim,fibra óptica,não,não,sim,mês a mês,cheque eletrônico,94.25,1973.75,sim
0234-TEVTT,fêmea,0,sim,sim,48,não,dsl,sim,não,não,um ano,cartão de crédito (automático),45.0,2196.3,não
4304-TSPVK,fêmea,0,sim,não,68,sim,fibra óptica,sim,sim,sim,dois anos,transferência bancária (automática),114.9,7843.55,não
1552-AAGRX,fêmea,0,não,não,30,sim,fibra óptica,sim,sim,sim,mês a mês,transferência bancária (automática),106.4,3211.9,não
2637-FKFSY,fêmea,0,sim,não,3,sim,dsl,não,não,não,mês a mês,cheque enviado,46.1,130.15,não
9796-MVYXX,fêmea,1,não,não,14,não,dsl,sim,sim,não,dois anos,cheque enviado,39.7,692.35,não
7874-ECPQJ,fêmea,0,não,sim,4,sim,não,sem serviço de internet,sem serviço de internet,sem serviço de internet,mês a mês,transferência bancária (automática),20.05,85.5,não
0020-INWCK,fêmea,0,sim,sim,71,sim,fibra óptica,não,não,não,dois anos,cartão de crédito (automático),95.75,6849.4,não
7089-RKVSZ,macho,0,sim,sim,8,sim,não,sem serviço de internet,sem serviço de internet,sem serviço de internet,um ano,cheque enviado,24.4,203.95,não
2683-JXWQQ,macho,0,sim,sim,61,não,dsl,sim,não,não,mês a mês,transferência bancária (automática),33.6,2117.2,não
9548-ZMVTX,macho,0,sim,sim,72,sim,fibra óptica,não,sim,não,dois anos,transferência bancária (automática),90.45,6565.85,não
8739-XNIKG,fêmea,0,não,não,5,sim,fibra óptica,não,não,sim,mês a mês,cheque eletrônico,84.0,424.75,não
9755-JHNMN,fêmea,0,não,não,49,sim,dsl,sim,sim,não,dois anos,transferência bancária (automática),67.4,3306.85,não
3981-QSVQI,macho,0,não,não,8,sim,não,sem serviço de internet,sem serviço de internet,sem serviço de internet,mês a mês,transferência bancária (automática),19.7,168.9,não
2789-HQBOU,macho,0,não,não,3,sim,fibra óptica,não,não,não,mês a mês,cheque eletrônico,80.35,253.8,não
9424-CMPOG,macho,0,sim,sim,9,sim,não,sem serviço de internet,sem serviço de internet,sem serviço de internet,dois anos,cheque enviado,19.6,197.4,não
5067-WJEUN,macho,0,sim,sim,67,sim,dsl,sim,não,não,dois anos,transferência bancária (automática),54.2,3838.2,não
3450-WXOAT,macho,0,não,não,46,sim,dsl,não,não,não,mês a mês,cartão de crédito (automático),45.2,2065.15,não
9251-WNSOD,fêmea,0,sim,não,67,sim,dsl,sim,não,não,um ano,cheque enviado,75.1,5064.45,não
6974-DAFLI,fêmea,0,sim,não,55,sim,não,sem serviço de internet,sem serviço de internet,sem serviço de internet,um ano,cheque eletrônico,19.7,1140.05,não
2616-UUTFK,macho,0,sim,não,33,sim,dsl,sim,não,sim,mês a mês,transferência bancária (automática),72.75,2447.45,não
7064-JHXCE,macho,0,sim,sim,62,sim,não,sem serviço de internet,sem serviço de internet,sem serviço de internet,dois anos,cartão de crédito (automático),20.05,1263.9,não
5103-MHMHY,fêmea,0,não,sim,1,sim,dsl,não,não,não,mês a mês,cheque enviado,45.95,45.95,sim
7989-AWGEH,macho,0,sim,sim,49,não,dsl,sim,não,não,mês a mês,cheque eletrônico,39.2,1838.15,não
4373-VVHQL,macho,0,não,não,1,sim,dsl,não,não,não,mês a mês,cheque eletrônico,44.75,44.75,não
4559-UWIHT,macho,0,sim,não,14,sim,fibra óptica,não,não,não,mês a mês,cheque eletrônico,82.65,1185.0,não
7268-IGMFD,macho,1,não,não,18,sim,fibra óptica,não,sim,sim,mês a mês,transferência bancária (automática),93.9,1743.9,não
1846-XWOQN,fêmea,1,não,não,1,sim,fibra óptica,não,não,não,mês a mês,cheque eletrônico,70.15,70.15,sim
0235-KGSLC,fêmea,0,não,não,1,sim,fibra óptica,não,não,sim,mês a mês,cartão de crédito (automático),85.55,85.55,sim
6650-BWFRT,fêmea,0,sim,não,72,sim,fibra óptica,sim,sim,sim,dois anos,cartão de crédito (automático),117.15,8529.5,não
9570-KYEUA,macho,0,não,não,64,sim,fibra óptica,sim,sim,não,dois anos,cartão de crédito (automático),99.25,6549.45,não
6993-YGFJV,macho,0,sim,não,69,sim,fibra óptica,sim,sim,sim,dois anos,transferência bancária (automática),112.55,7806.5,não
2712-SYWAY,fêmea,0,não,não,1,sim,não,sem serviço de internet,sem serviço de internet,sem serviço de internet,mês a mês,cheque eletrônico,25.7,25.7,não
0730-BGQGF,macho,0,sim,sim,71,sim,dsl,sim,sim,sim,dois anos,cartão de crédito (automático),90.3,6287.3,não
5498-IBWPI,fêmea,0,sim,sim,66,sim,dsl,não,sim,não,um ano,cartão de crédito (automático),49.4,3251.85,não
9101-NTIXF,macho,0,não,não,2,sim,não,sem serviço de internet,sem serviço de internet,sem serviço de internet,mês a mês,cheque enviado,19.4,50.6,não
0013-SMEOE,fêmea,1,sim,não,71,sim,fibra óptica,sim,sim,sim,dois anos,transferência bancária (automática),109.7,7904.25,não
9314-QDMDW,macho,0,não,não,11,sim,dsl,não,não,sim,um ano,cheque eletrônico,61.25,729.95,não
9308-ANMVE,macho,0,não,sim,47,sim,dsl,sim,não,não,mês a mês,cheque eletrônico,55.3,2654.05,não
2884-GBPFB,fêmea,0,sim,não,35,sim,fibra óptica,não,não,não,mês a mês,cheque eletrônico,70.3,2416.55,sim
3757-NJYBX,macho,1,sim,não,32,sim,fibra óptica,não,não,sim,mês a mês,transferência bancária (automática),106.35,3520.75,sim
3413-DHLPB,macho,0,sim,sim,60,sim,fibra óptica,não,sim,sim,mês a mês,transferência bancária (automática),103.75,5969.95,não
7649-PHJVR,macho,0,não,não,11,sim,não,sem serviço de internet,sem serviço de internet,sem serviço de internet,um ano,cheque enviado,19.5,226.8,não
6114-TCFID,fêmea,0,não,não,29,não,dsl,sim,sim,não,um ano,cartão de crédito (automático),39.5,1082.75,não
3787-TRIAL,macho,0,sim,sim,21,não,dsl,não,não,não,mês a mês,cheque eletrônico,26.05,565.75,não
2573-GYRUU,macho,1,sim,não,48,sim,fibra óptica,não,não,não,mês a mês,cartão de crédito (automático),91.05,4370.75,não
5156-UMKOW,fêmea,0,não,sim,3,não,dsl,não,não,não,mês a mês,cheque enviado,29.65,90.05,não
1247-QBVSH,fêmea,0,sim,sim,43,sim,dsl,não,não,não,mês a mês,cheque enviado,50.2,2169.4,não
6734-GMPVK,macho,0,não,não,5,sim,fibra óptica,não,não,sim,mês a mês,cheque eletrônico,105.3,550.6,não
9822-OAOVB,fêmea,0,não,não,1,sim,dsl,não,não,não,mês a mês,cheque eletrônico,55.45,55.45,não
6161-ERDGD,macho,0,sim,sim,71,sim,dsl,sim,sim,sim,um ano,cheque eletrônico,85.45,6300.85,não
1226-JZNKR,fêmea,0,sim,sim,8,sim,não,sem serviço de internet,sem serviço de internet,sem serviço de internet,um ano,cheque eletrônico,19.8,160.05,não
7318-EIVKO,macho,0,não,não,8,sim,dsl,não,não,sim,mês a mês,cheque eletrônico,59.25,436.6,não
3771-PZOBW,macho,0,não,não,20,sim,fibra óptica,não,não,sim,mês a mês,cartão de crédito (automático),90.7,1781.35,não
5136-KCKGI,fêmea,0,sim,sim,33,sim,fibra óptica,sim,não,sim,um ano,cheque enviado,103.7,3467.0,sim
8231-BSWXX,macho,0,não,não,71,sim,fibra óptica,não,não,não,um ano,cartão de crédito (automático),79.05,5552.5,não
6486-LHTMA,fêmea,1,sim,não,31,sim,fibra óptica,não,não,sim,um ano,cheque eletrônico,90.7,2835.5,não
4083-BFNYK,fêmea,1,sim,não,38,sim,fibra óptica,sim,não,não,um ano,cartão de crédito (automático),95.0,3591.25,não
3722-WPXTK,macho,0,não,não,1,sim,fibra óptica,não,não,sim,mês a mês,cheque eletrônico,88.35,88.35,sim
7389-KBFIT,fêmea,0,sim,sim,2,não,dsl,não,não,não,mês a mês,cheque enviado,30.25,63.75,não
7176-WIONM,fêmea,0,sim,não,12,não,dsl,não,não,sim,mês a mês,transferência bancária (automática),49.85,617.15,não
5141-ZUVBH,fêmea,0,não,sim,9,sim,fibra óptica,sim,sim,não,mês a mês,transferência bancária (automática),93.0,870.25,não
1089-HDMKP,macho,1,não,sim,11,sim,dsl,não,sim,não,mês a mês,cheque eletrônico,54.55,601.25,não
7623-HKYRK,macho,0,não,sim,6,sim,não,sem serviço de internet,sem serviço de internet,sem serviço de internet,mês a mês,cheque enviado,19.7,111.65,não
0310-SUCIN,fêmea,0,sim,não,71,sim,dsl,sim,sim,sim,um ano,transferência bancária (automática),84.8,6046.1,não
5197-PYEPU,fêmea,0,sim,sim,42,sim,fibra óptica,sim,não,sim,um ano,cartão de crédito (automático),94.45,3923.8,não
2929-ERCFZ,fêmea,0,sim,sim,8,sim,fibra óptica,não,não,sim,mês a mês,cheque eletrônico,94.2,777.3,sim
7548-SEPYI,fêmea,0,não,não,5,sim,fibra óptica,não,não,sim,mês a mês,cheque eletrônico,96.25,512.45,sim
8835-VSDSE,fêmea,0,sim,não,2,sim,fibra óptica,não,não,não,mês a mês,cheque eletrônico,70.7,141.45,sim
6619-RPLQZ,fêmea,0,sim,sim,45,sim,não,sem serviço de internet,sem serviço de internet,sem serviço de internet,dois anos,cheque enviado,20.85,892.15,não
3275-RHRNE,macho,0,sim,sim,28,não,dsl,não,sim,sim,um ano,cartão de crédito (automático),60.0,1682.05,não
3503-TYDAY,fêmea,0,sim,não,43,sim,fibra óptica,não,não,não,mês a mês,cheque eletrônico,80.45,3398.9,não
6901-GOGZG,macho,0,não,sim,60,sim,dsl,sim,sim,sim,dois anos,cheque eletrônico,84.95,4984.85,não
1623-NLDOT,fêmea,0,sim,não,42,não,dsl,não,sim,não,um ano,cheque enviado,33.55,1445.3,sim
7021-XSNYE,macho,0,sim,sim,7,não,dsl,sim,sim,não,dois anos,cartão de crédito (automático),49.65,305.55,não
9621-OUPYD,fêmea,0,sim,não,25,sim,não,sem serviço de internet,sem serviço de internet,sem serviço de internet,um ano,transferência bancária (automática),20.2,507.9,não
9898-KZQDZ,fêmea,1,sim,sim,40,sim,fibra óptica,não,não,sim,mês a mês,cartão de crédito (automático),94.55,3640.45,sim
8982-NHAVY,macho,0,não,não,27,sim,fibra óptica,não,não,sim,um ano,transferência bancária (automática),100.5,2673.45,não
4307-KWMXE,macho,0,não,não,10,não,dsl,não,sim,não,mês a mês,cheque eletrônico,35.75,389.8,não
0141-YEAYS,fêmea,1,não,não,27,sim,fibra óptica,não,não,não,mês a mês,transferência bancária (automática),86.45,2401.05,não
2450-ZKEED,fêmea,0,não,não,11,sim,dsl,não,sim,não,um ano,transferência bancária (automática),53.8,651.55,não
3694-DELSO,macho,0,sim,sim,4,não,dsl,sim,não,sim,mês a mês,cartão de crédito (automático),38.55,156.1,não
3893-JRNFS,macho,0,não,não,68,não,dsl,não,não,não,mês a mês,transferência bancária (automática),39.9,2796.35,não
9603-OAIHC,macho,1,não,não,1,sim,fibra óptica,não,não,não,mês a mês,cheque eletrônico,70.05,70.05,não
1133-KXCGE,fêmea,0,não,não,18,sim,não,sem serviço de internet,sem serviço de internet,sem serviço de internet,um ano,cheque enviado,20.1,407.05,não
5236-PERKL,fêmea,0,não,não,57,sim,fibra óptica,sim,não,sim,dois anos,transferência bancária (automática),112.95,6465.0,sim
0142-GVYSN,macho,0,não,não,26,sim,não,sem serviço de internet,sem serviço de internet,sem serviço de internet,mês a mês,cheque eletrônico,20.3,511.25,não
1049-FYSYG,fêmea,0,sim,não,17,não,dsl,não,não,não,mês a mês,cartão de crédito (automático),35.65,646.05,não
7854-FOKSF,macho,0,não,não,1,não,dsl,não,não,não,mês a mês,cheque eletrônico,35.9,35.9,sim
2519-FAKOD,macho,0,não,sim,38,sim,fibra óptica,não,não,sim,mês a mês,transferência bancária (automática),99.25,3777.15,sim
8406-LNMHF,macho,1,sim,não,59,sim,fibra óptica,sim,não,não,um ano,cartão de crédito (automático),82.95,4903.15,não
1821-BUCWY,macho,0,não,não,30,sim,dsl,sim,não,não,dois anos,cheque enviado,55.65,1653.85,não
8263-JQAIK,macho,1,não,não,2,não,dsl,não,não,não,mês a mês,cheque enviado,24.45,47.5,sim
0023-UYUPN,fêmea,1,sim,não,50,sim,não,sem serviço de internet,sem serviço de internet,sem serviço de internet,um ano,cheque eletrônico,25.2,1306.3,não
8314-DPQHL,macho,0,não,não,9,não,dsl,sim,sim,não,um ano,cheque enviado,50.8,463.6,não
1465-WCZVT,fêmea,0,sim,sim,3,sim,não,sem serviço de internet,sem serviço de internet,sem serviço de internet,mês a mês,cheque enviado,19.65,60.65,não
9481-SFCQY,fêmea,0,não,sim,14,sim,dsl,não,não,sim,mês a mês,cartão de crédito (automático),59.8,824.85,não
6360-SVNWV,fêmea,1,não,não,31,sim,fibra óptica,sim,não,não,mês a mês,cartão de crédito (automático),73.55,2094.65,não
0567-GGCAC,fêmea,0,não,não,7,sim,dsl,sim,não,não,mês a mês,cheque eletrônico,61.4,438.9,não
7089-IVVAZ,fêmea,0,não,não,8,sim,fibra óptica,sim,sim,sim,mês a mês,transferência bancária (automática),103.35,847.3,sim
8884-MRNSU,macho,0,sim,sim,17,sim,não,sem serviço de internet,sem serviço de internet,sem serviço de internet,um ano,transferência bancária (automática),19.9,329.75,não
2171-UDMFD,macho,0,sim,sim,32,sim,não,sem serviço de internet,sem serviço de internet,sem serviço de internet,mês a mês,cartão de crédito (automático),19.45,674.55,não
9050-IKDZA,fêmea,1,não,não,2,sim,fibra óptica,não,não,sim,mês a mês,cheque enviado,81.5,162.55,não
2205-YMZZJ,macho,1,não,não,7,sim,fibra óptica,não,não,sim,mês a mês,cheque eletrônico,84.8,546.95,sim
9802-CAQUT,fêmea,0,sim,sim,72,sim,fibra óptica,sim,não,sim,dois anos,cartão de crédito (automático),109.55,7887.25,não
1254-IZEYF,fêmea,1,não,não,31,sim,fibra óptica,não,não,sim,mês a mês,cheque eletrônico,99.95,3186.65,sim
0187-WZNAB,fêmea,0,sim,sim,27,sim,fibra óptica,sim,não,não,mês a mês,cheque enviado,74.4,1972.35,não
9492-TOKRI,fêmea,0,não,não,18,sim,fibra óptica,não,não,sim,mês a mês,cartão de crédito (automático),90.0,1527.35,sim
1475-VWVDO,macho,0,não,não,7,sim,fibra óptica,não,não,não,mês a mês,cheque eletrônico,74.9,490.55,não
9221-OTIVJ,fêmea,1,não,não,14,sim,fibra óptica,não,não,sim,mês a mês,cheque eletrônico,104.85,1531.4,sim
1357-MVDOZ,macho,0,sim,sim,11,sim,dsl,não,não,sim,mês a mês,transferência bancária (automática),59.65,683.25,não
7602-MVRMB,fêmea,0,sim,sim,72,sim,fibra óptica,sim,sim,sim,dois anos,transferência bancária (automática),110.45,8058.85,não
3325-FUYCG,macho,0,sim,sim,28,sim,fibra óptica,sim,não,sim,um ano,cheque eletrônico,106.1,2847.4,sim
5908-QMGOE,macho,1,não,não,15,sim,fibra óptica,não,não,não,mês a mês,cartão de crédito (automático),74.2,1133.9,sim
1197-BVMVG,fêmea,1,não,não,4,sim,fibra óptica,não,não,não,mês a mês,cheque eletrônico,74.45,294.45,não
5406-KGRMX,fêmea,0,não,não,71,sim,não,sem serviço de internet,sem serviço de internet,sem serviço de internet,dois anos,cheque eletrônico,24.55,1719.15,não
8481-YYXWG,fêmea,0,não,não,5,sim,fibra óptica,não,sim,não,mês a mês,cheque eletrônico,89.35,461.7,sim
5968-HYJRZ,macho,0,sim,sim,47,sim,não,sem serviço de internet,sem serviço de internet,sem serviço de internet,dois anos,cheque enviado,24.55,1160.45,não
5198-EFNBM,macho,1,sim,não,57,sim,fibra óptica,não,não,sim,um ano,cheque eletrônico,90.65,5199.8,não
7516-GMHUV,macho,1,sim,não,50,sim,fibra óptica,sim,não,sim,dois anos,cartão de crédito (automático),105.05,5163.3,não
7140-ADSMJ,macho,0,não,não,8,sim,não,sem serviço de internet,sem serviço de internet,sem serviço de internet,mês a mês,cartão de crédito (automático),20.45,162.3,não
2230-XTUWL,fêmea,0,sim,sim,48,sim,não,sem serviço de internet,sem serviço de internet,sem serviço de internet,dois anos,cheque enviado,19.55,883.35,não
7706-YLMQA,fêmea,0,não,não,70,sim,não,sem serviço de internet,sem serviço de internet,sem serviço de internet,um ano,transferência bancária (automática),19.7,1341.5,não
2585-KTFRE,macho,0,não,sim,1,sim,dsl,sim,sim,não,mês a mês,transferência bancária (automática),70.45,70.45,não
7994-UYIVZ,macho,0,sim,não,8,sim,fibra óptica,não,não,não,mês a mês,transferência bancária (automática),85.65,659.45,não
2609-IAICY,fêmea,0,não,não,1,sim,fibra óptica,não,não,não,mês a mês,cheque eletrônico,77.15,77.15,sim
1740-CSDJP,macho,0,não,não,1,não,dsl,não,não,não,mês a mês,transferência bancária (automática),35.25,35.25,sim
7717-BICXI,macho,0,sim,sim,60,sim,não,sem serviço de internet,sem serviço de internet,sem serviço de internet,dois anos,cheque enviado,20.55,1205.05,não
6559-RAKOZ,macho,0,sim,sim,49,sim,fibra óptica,não,sim,sim,um ano,cheque eletrônico,97.95,4917.9,não
2636-OHFMN,macho,0,sim,não,4,não,dsl,não,não,sim,mês a mês,cheque eletrônico,48.55,201.0,sim
4716-MRVEN,fêmea,0,não,não,29,sim,não,sem serviço de internet,sem serviço de internet,sem serviço de internet,um ano,cheque enviado,20.0,599.3,não
2143-LJULT,fêmea,0,sim,não,67,sim,não,sem serviço de internet,sem serviço de internet,sem serviço de internet,dois anos,cartão de crédito (automático),25.25,1733.15,não
1323-OOEPC,fêmea,0,sim,não,53,sim,fibra óptica,não,não,sim,mês a mês,cartão de crédito (automático),98.4,5149.5,sim
3200-MNQTF,macho,0,sim,não,67,sim,dsl,sim,sim,não,dois anos,cartão de crédito (automático),70.9,4677.1,não
6164-HXUGH,fêmea,0,sim,sim,6,sim,não,sem serviço de internet,sem serviço de internet,sem serviço de internet,mês a mês,cheque enviado,19.85,119.3,não
5630-IXDXV,fêmea,0,não,não,47,sim,fibra óptica,não,não,sim,mês a mês,cheque eletrônico,106.35,4849.1,não
0320-DWVTU,fêmea,0,não,não,53,sim,fibra óptica,sim,sim,não,dois anos,cheque enviado,99.5,5424.25,não
9135-MGVPY,macho,0,sim,não,69,sim,dsl,sim,sim,sim,dois anos,cheque enviado,84.7,5878.9,não
1212-GLHMD,macho,0,não,não,3,sim,fibra óptica,sim,não,não,mês a mês,cheque enviado,86.05,244.85,não
7878-JGDKK,macho,0,não,não,4,sim,dsl,não,não,não,mês a mês,cheque enviado,44.55,220.75,não
1088-AUUZZ,macho,0,sim,sim,56,sim,dsl,sim,sim,não,dois anos,cartão de crédito (automático),75.85,4261.2,não
0397-GZBBC,macho,1,sim,não,59,sim,fibra óptica,não,não,sim,mês a mês,transferência bancária (automática),93.85,5574.75,sim
6614-YWYSC,macho,1,sim,não,61,sim,não,sem serviço de internet,sem serviço de internet,sem serviço de internet,dois anos,transferência bancária (automática),25.0,1501.75,não
9588-OZDMQ,fêmea,0,sim,não,2,sim,dsl,não,não,não,mês a mês,cheque eletrônico,45.0,89.75,não
7641-EUYET,macho,1,sim,sim,46,sim,fibra óptica,sim,não,sim,mês a mês,cheque eletrônico,100.7,4541.2,sim
6476-EPYZR,macho,0,sim,sim,12,sim,não,sem serviço de internet,sem serviço de internet,sem serviço de internet,mês a mês,cheque enviado,20.5,255.5,não
9921-ZVRHG,fêmea,0,não,não,14,sim,fibra óptica,não,não,não,mês a mês,cheque eletrônico,80.45,1072.0,sim
1174-FGIFN,fêmea,0,sim,sim,28,sim,fibra óptica,não,sim,não,um ano,cheque eletrônico,90.45,2509.25,não
6620-HVDUJ,macho,0,não,não,24,sim,dsl,sim,sim,não,mês a mês,transferência bancária (automática),60.45,1440.75,não
4701-MLJPN,macho,0,não,não,31,sim,dsl,não,sim,não,mês a mês,cheque eletrônico,55.25,1715.65,sim
1032-MAELW,fêmea,0,sim,sim,68,sim,dsl,sim,sim,não,um ano,cheque eletrônico,78.45,5333.35,não
7641-TQFHN,macho,0,não,sim,39,sim,fibra óptica,não,sim,sim,dois anos,cheque enviado,100.55,3895.35,não
1552-TKMXS,fêmea,0,sim,não,42,sim,não,sem serviço de internet,sem serviço de internet,sem serviço de internet,mês a mês,cartão de crédito (automático),20.35,869.9,não
9206-GVPEQ,macho,0,sim,não,13,não,dsl,sim,sim,sim,mês a mês,cheque eletrônico,54.45,706.85,sim
8622-ZLFKO,fêmea,0,sim,não,6,sim,fibra óptica,não,não,não,mês a mês,cheque eletrônico,90.75,512.25,não
1596-BBVTG,macho,0,não,não,35,sim,fibra óptica,não,não,não,mês a mês,cartão de crédito (automático),75.35,2636.05,sim
6188-UXBBR,fêmea,0,sim,não,38,sim,não,sem serviço de internet,sem serviço de internet,sem serviço de internet,um ano,cartão de crédito (automático),20.25,814.75,não
2333-KWEWW,macho,0,não,não,18,sim,não,sem serviço de internet,sem serviço de internet,sem serviço de internet,dois anos,cartão de crédito (automático),20.05,388.6,não
5702-SKUOB,fêmea,0,sim,não,4,sim,não,sem serviço de internet,sem serviço de internet,sem serviço de internet,mês a mês,cheque enviado,19.6,93.45,não
1134-YWTYF,macho,0,sim,não,27,sim,dsl,não,sim,não,mês a mês,cheque eletrônico,53.8,1389.85,não
6061-GWWAV,macho,0,não,sim,41,sim,dsl,sim,não,sim,um ano,cheque enviado,70.2,2894.55,não
